typeStatus,catalogNumber,occurrenceDetails,occurrenceRemarks,recordNumber,recordedBy,individualID,individualCount,sex,lifeStage,reproductiveCondition,behavior,establishmentMeans,occurrenceStatus,preparations,disposition,otherCatalogNumbers,previousIdentifications,associatedMedia,associatedReferences,associatedOccurrences,associatedSequences,taxonID,scientificNameID,acceptedNameUsageID,parentNameUsageID,originalNameUsageID,nameAccordingToID,namePublishedInID,taxonConceptID,scientificName,acceptedNameUsage,parentNameUsage,originalNameUsage,nameAccordingTo,namePublishedIn,higherClassification,kingdom,phylum,class,order,family,genus,subgenus,specificEpithet,infraspecificEpithet,taxonRank,verbatimTaxonRank,scientificNameAuthorship,vernacularName,nomenclaturalCode,taxonomicStatus,nomenclaturalStatus,taxonRemarks,locationID,higherGeographyID,higherGeography,continent,waterBody,islandGroup,island,country,countryCode,stateProvince,county,municipality,locality,verbatimLocality,verbatimElevation,minimumElevationInMeters,maximumElevationInMeters,verbatimDepth,minimumDepthInMeters,maximumDepthInMeters,minimumDistanceAboveSurfaceInMeters,maximumDistanceAboveSurfaceInMeters,locationAccordingTo,locationRemarks,verbatimCoordinates,verbatimLatitude,verbatimLongitude,verbatimCoordinateSystem,verbatimSRS,decimalLatitude,decimalLongitude,geodeticDatum,coordinateUncertaintyInMeters,coordinatePrecision,pointRadiusSpatialFit,footprintWKT,footprintSRS,footprintSpatialFit,georeferencedBy,georeferenceProtocol,georeferenceSources,georeferenceVerificationStatus,georeferenceRemarks,identificationID,identifiedBy,dateIdentified,identificationReferences,identificationRemarks,identificationQualifier,geologicalContextID,earliestEonOrLowestEonothem,latestEonOrHighestEonothem,earliestEraOrLowestErathem,latestEraOrHighestErathem,earliestPeriodOrLowestSystem,latestPeriodOrHighestSystem,earliestEpochOrLowestSeries,latestEpochOrHighestSeries,earliestAgeOrLowestStage,latestAgeOrHighestStage,lowestBiostratigraphicZone,highestBiostratigraphicZone,lithostratigraphicTerms,group,formation,member,bed,eventID,samplingProtocol,samplingEffort,eventDate,eventTime,startDayOfYear,endDayOfYear,year,month,day,verbatimEventDate,habitat,fieldNumber,fieldNotes,eventRemarks,type,modified,language,rights,rightsHolder,accessRights,bibliographicCitation,institutionID,collectionID,datasetID,institutionCode,collectionCode,datasetName,ownerInstitutionCode,basisOfRecord,informationWithheld,dataGeneralizations,dynamicProperties,source
,,,day 1 of the expedition,VS_05_1,Viktor Senderov,,1,,adult,,,,,96% alcohol,,,,,,,,,,,,,,,,,,,,,,,Animalia,Hexapoda,Insecta,Coleoptera,Geotrupidae,Anoplotrupes,,stercorosus,,species,,,,,,,,http://www.geonames.org/3061344/znojmo.html,,,,,,,Czech Republic,CZ,,,,Podyji National Park,,350 m,,,,,,,,,"S of ?ížov, the valley of Klaper?v potok [=stream]",48°51.989'N 015°52.304'E,,,,,,,,,,,,,,,GPS,,,,,,,,,,,,,,,,,,,,,,,,,,,,,hand collecting,very high,05.06.16,,,,,,,,,,,,,,en,,,,,,,,,,,,PreservedSpecimen,,,,
,,,day 1 of the expedition,VS_05_2,Viktor Senderov,,1,,adult,,,,,96% alcohol,,,,,,,,,,,,,,,,,,,,,,,Animalia,Hexapoda,Insecta,Coleoptera,Tenebrionidae,,,,,family,,,,,,,,http://www.geonames.org/3061344/znojmo.html,,,,,,,Czech Republic,CZ,,,,Podyji National Park,,350 m,,,,,,,,,"S of ?ížov, the valley of Klaper?v potok [=stream]",48°51.989'N 015°52.304'E,,,,,,,,,,,,,,,GPS,,,,,,,,,,,,,,,,,,,,,,,,,,,,,hand collecting,very high,05.06.16,,,,,,,,,,,,,,en,,,,,,,,,,,,PreservedSpecimen,,,,
,,,day 1 of the expedition,VS_05_3,Viktor Senderov,,1,,adult,,,,,96% alcohol,,,,,,,,,,,,,,,,,,,,,,,Animalia,Hexapoda,Insecta,Coleoptera,Curculionidae,,,,,family,,,,,,,,http://www.geonames.org/3061344/znojmo.html,,,,,,,Czech Republic,CZ,,,,Podyji National Park,,350 m ,,,,,,,,,"S of ?ížov, the valley of Klaper?v potok [=stream]",48°51.989'N 015°52.304'E,,,,,,,,,,,,,,,GPS,,,,,,,,,,,,,,,,,,,,,,,,,,,,,hand collecting,very high,05.06.16,,,,,,,,,,,,,,en,,,,,,,,,,,,PreservedSpecimen,,,,
,,,day 1 of the expedition,VS_05_4,Viktor Senderov,,1,,adult,,,,,96% alcohol,,,,,,,,,,,,,,,,,,,,,,,Animalia,Hexapoda,Insecta,Coleoptera,Carabidae,,,,,family,,,,,,,,http://www.geonames.org/3061344/znojmo.html,,,,,,,Czech Republic,CZ,,,,Podyji National Park,,350 m ,,,,,,,,,"S of ?ížov, the valley of Klaper?v potok [=stream]",48°51.989'N 015°52.304'E,,,,,,,,,,,,,,,GPS,,,,,,,,,,,,,,,,,,,,,,,,,,,,,hand collecting,very high,05.06.16,,,,,,,,,,,,,,en,,,,,,,,,,,,PreservedSpecimen,,,,
,,,day 1 of the expedition,VS_05_5,Viktor Senderov,,1,,adult,,,,,96% alcohol,,,,,,,,,,,,,,,,,,,,,,,Animalia,Hexapoda,Insecta,Coleoptera,Curculionidae,,,,,family,,,,,,,,http://www.geonames.org/3061344/znojmo.html,,,,,,,Czech Republic,CZ,,,,Podyji National Park,,350 m,,,,,,,,,"S of ?ížov, the valley of Klaper?v potok [=stream]",48°51.989'N 015°52.304'E,,,,,,,,,,,,,,,GPS,,,,,,,,,,,,,,,,,,,,,,,,,,,,,hand collecting,very high,05.06.16,,,,,,,,,,,,,,en,,,,,,,,,,,,PreservedSpecimen,,,,
,,,day 1 of the expedition,VS_05_6,Viktor Senderov,,1,,adult,,,,,96% alcohol,,,,,,,,,,,,,,,,,,,,,,,Animalia,Hexapoda,Insecta,Coleoptera,Dytiscidae,Gaurodytes,,,,genus,,,,,,,,http://www.geonames.org/3061344/znojmo.html,,,,,,,Czech Republic,CZ,,,,Podyji National Park,,350 m,,,,,,,,,"S of ?ížov, the valley of Klaper?v potok [=stream]",48°51.989'N 015°52.304'E,,,,,,,,,,,,,,,GPS,,,,,,,,,,,,,,,,,,,,,,,,,,,,,hand collecting,very high,05.06.16,,,,,,,,,,,,,,en,,,,,,,,,,,,PreservedSpecimen,,,,
,,,day 1 of the expedition,VS_05_7,Viktor Senderov,,1,,adult,,,,,96% alcohol,,,,,,,,,,,,,,,,,,,,,,,Animalia,Hexapoda,Insecta,Coleoptera,Carabidae,,,,,family,,,,,,,,http://www.geonames.org/3061344/znojmo.html,,,,,,,Czech Republic,CZ,,,,Podyji National Park,,350 m,,,,,,,,,"S of ?ížov, the valley of Klaper?v potok [=stream]",48°51.989'N 015°52.304'E,,,,,,,,,,,,,,,GPS,,,,,,,,,,,,,,,,,,,,,,,,,,,,,hand collecting,very high,05.06.16,,,,,,,,,,,,,,en,,,,,,,,,,,,PreservedSpecimen,,,,
,,,day 1 of the expedition,VS_05_8,Viktor Senderov,,1,,adult,,,,,96% alcohol,,,,,,,,,,,,,,,,,,,,,,,Animalia,Hexapoda,Insecta,Coleoptera,Carabidae,,,,,family,,,,,,,,http://www.geonames.org/3061344/znojmo.html,,,,,,,Czech Republic,CZ,,,,Podyji National Park,,350 m,,,,,,,,,"S of ?ížov, the valley of Klaper?v potok [=stream]",48°51.989'N 015°52.304'E,,,,,,,,,,,,,,,GPS,,,,,,,,,,,,,,,,,,,,,,,,,,,,,hand collecting,very high,05.06.16,,,,,,,,,,,,,,en,,,,,,,,,,,,PreservedSpecimen,,,,
,,,day 1 of the expedition,VS_05_9,Viktor Senderov,,1,,adult,,,,,96% alcohol,,,,,,,,,,,,,,,,,,,,,,,,,,Coleoptera,Curculionidae,,,,,family,,,,,,,,,,,,,,,Czech Republic,CZ,,,,Podyji National Park,,350 m,,,,,,,,,"S of ?ížov, the valley of Klaper?v potok [=stream]",48°51.989'N 015°52.304'E,,,,,,,,,,,,,,,GPS,,,,,,,,,,,,,,,,,,,,,,,,,,,,,hand collecting,very high,05.06.16,,,,,,,,,,,,,,en,,,,,,,,,,,,PreservedSpecimen,,,,
,,,day 1 of the expedition,VS_05_10,Viktor Senderov,,1,,adult,,,,,96% alcohol,,,,,,,,,,,,,,,,,,,,,,,,,,Coleoptera,Curculionidae,,,,,family,,,,,,,,,,,,,,,Czech Republic,CZ,,,,Podyji National Park,,350 m,,,,,,,,,"S of ?ížov, the valley of Klaper?v potok [=stream]",48°51.989'N 015°52.304'E,,,,,,,,,,,,,,,GPS,,,,,,,,,,,,,,,,,,,,,,,,,,,,,hand collecting,very high,05.06.16,,,,,,,,,,,,,,en,,,,,,,,,,,,PreservedSpecimen,,,,
,,,day 3 of the expedition,VS_05_11,Viktor Senderov,,1,,adult,,,,,96% alcohol,,,,,,,,,,,,,,,,,,,,,,,,,,Coleoptera,Chrysomelidae,Phaedon ,,armoraciae,,species,,,,,,,,,,,,,,,Czech Republic,CZ,,,,Podyji National Park,,,,,,,,,,,surrounding of the Šobes vineyard,"48.8171694N, 15.9746300E",,,,,,,,,,,,,,,GPS,,,,,,,,,,,,,,,,,,,,,,,,,,,,,hand collecting,very high,07.06.16,,,,,,,,,,,,,,en,,,,,,,,,,,,PreservedSpecimen,,,,
,,,day 3 of the expedition,VS_05_12,Viktor Senderov,,2,,adult,,,,,96% alcohol,,,,,,,,,,,,,,,,,,,,,,,,,,Coleoptera,Geotrupidae,Anoplotrupes,,,,genus,,,,,,,,,,,,,,,Czech Republic,CZ,,,,Podyji National Park,,,,,,,,,,,surrounding of the Šobes vineyard,"48.8171694N, 15.9746300E",,,,,,,,,,,,,,,GPS,,,,,,,,,,,,,,,,,,,,,,,,,,,,,hand collecting,very high,07.06.16,,,,,,,,,,,,,,en,,,,,,,,,,,,PreservedSpecimen,,,,
,,,day 2 of the expedition,VS_05_13,Viktor Senderov,,1,,adult,,,,,96% alcohol,,,,,,,,,,,,,,,,,,,,,,,,,,Coleoptera,Scarabaeidae,Oxythyrea,,funesta,,genus,,,,,,,,,,,,,,,Czech Republic,CZ,,,,Podyji National Park,,,,,,,,,,,N of Havraníky (the track from Havraníky to Popice),"48.8197689N, 16.0084903E",,,,,,,,,,,,,,,GPS,,,,,,,,,,,,,,,,,,,,,,,,,,,,,hand collecting,very high,06.06.16,,,,,,,,,,,,,,en,,,,,,,,,,,,PreservedSpecimen,,,,
,,,day 2 of the expedition,VS_05_13,Viktor Senderov,,1,,adult,,,,,96% alcohol,,,,,,,,,,,,,,,,,,,,,,,,,,Coleoptera,Coccinelidae,Coccinella,,septempunctata,,species,,,,,,,,,,,,,,,Czech Republic,CZ,,,,Podyji National Park,,,,,,,,,,,N of Havraníky (the track from Havraníky to Popice),"48.8197689N, 16.0084903E",,,,,,,,,,,,,,,GPS,,,,,,,,,,,,,,,,,,,,,,,,,,,,,hand collecting,very high,06.06.16,,,,,,,,,,,,,,en,,,,,,,,,,,,PreservedSpecimen,,,,
,,,day 2 of the expedition,VS_05_14,Viktor Senderov,,1,,adult,,,,,96% alcohol,,,,,,,,,,,,,,,,,,,,,,,,,,Coleoptera,Drilidae,Malachius,,bipustulatus,,species,,,,,,,,,,,,,,,Czech Republic,CZ,,,,Podyji National Park,,,,,,,,,,,N of Havraníky (the track from Havraníky to Popice),"48.8197689N, 16.0084903E",,,,,,,,,,,,,,,GPS,,,,,,,,,,,,,,,,,,,,,,,,,,,,,hand collecting,very high,06.06.16,,,,,,,,,,,,,,en,,,,,,,,,,,,PreservedSpecimen,,,,
,,,day 2 of the expedition,VS_05_15,Viktor Senderov,,1,,adult,,,,,96% alcohol,,,,,,,,,,,,,,,,,,,,,,,,,,Coleoptera,Carabidae,,,,,family,,,,,,,,,,,,,,,Czech Republic,CZ,,,,Podyji National Park,,,,,,,,,,,N of Havraníky (the track from Havraníky to Popice),"48.8197689N, 16.0084903E",,,,,,,,,,,,,,,GPS,,,,,,,,,,,,,,,,,,,,,,,,,,,,,hand collecting,very high,06.06.16,,,,,,,,,,,,,,en,,,,,,,,,,,,PreservedSpecimen,,,,
,,,day 2 of the expedition,VS_05_16,Viktor Senderov,,1,,adult,,,,,96% alcohol,,,,,,,,,,,,,,,,,,,,,,,,,,Coleoptera,Tenebrionidae,Nalassus,,dermestoides,,species,,,,,,,,,,,,,,,Czech Republic,CZ,,,,Podyji National Park,,,,,,,,,,,N of Havraníky (the track from Havraníky to Popice),"48.8197689N, 16.0084903E",,,,,,,,,,,,,,,GPS,,,,,,,,,,,,,,,,,,,,,,,,,,,,,hand collecting,very high,06.06.16,,,,,,,,,,,,,,en,,,,,,,,,,,,PreservedSpecimen,,,,
,,,day 2 of the expedition,VS_05_17,Viktor Senderov,,1,,adult,,,,,96% alcohol,,,,,,,,,,,,,,,,,,,,,,,,,,Coleoptera,Coccinelidae,,,,,family,,,,,,,,,,,,,,,Czech Republic,CZ,,,,Podyji National Park,,,,,,,,,,,N of Havraníky (the track from Havraníky to Popice),"48.8197689N, 16.0084903E",,,,,,,,,,,,,,,GPS,,,,,,,,,,,,,,,,,,,,,,,,,,,,,hand collecting,very high,06.06.16,,,,,,,,,,,,,,en,,,,,,,,,,,,PreservedSpecimen,,,,
,,,day 2 of the expedition,VS_05_18,Viktor Senderov,,1,,adult,,,,,96% alcohol,,,,,,,,,,,,,,,,,,,,,,,,,,Coleoptera,Tenebrionidae,,,,,family,,,,,,,,,,,,,,,Czech Republic,CZ,,,,Podyji National Park,,,,,,,,,,,N of Havraníky (the track from Havraníky to Popice),"48.8197689N, 16.0084903E",,,,,,,,,,,,,,,GPS,,,,,,,,,,,,,,,,,,,,,,,,,,,,,hand collecting,very high,06.06.16,,,,,,,,,,,,,,en,,,,,,,,,,,,PreservedSpecimen,,,,
,,,day 2 of the expedition,VS_05_19,Viktor Senderov,,1,,adult,,,,,96% alcohol,,,,,,,,,,,,,,,,,,,,,,,,,,Coleoptera,Bruchidae,,,,,family,,,,,,,,,,,,,,,Czech Republic,CZ,,,,Podyji National Park,,,,,,,,,,,N of Havraníky (the track from Havraníky to Popice),"48.8197689N, 16.0084903E",,,,,,,,,,,,,,,GPS,,,,,,,,,,,,,,,,,,,,,,,,,,,,,hand collecting,very high,06.06.16,,,,,,,,,,,,,,en,,,,,,,,,,,,PreservedSpecimen,,,,
,,,day 3 of the expedition,VS_05_20,Viktor Senderov,,1,,adult,,,,,96% alcohol,,,,,,,,,,,,,,,,,,,,,,,,,,Diptera,Syrphidae,Volucella,,bombylans,,species,,,,,,,,,,,,,,,Czech Republic,CZ,,,,Podyji National Park,,,,,,,,,,,surrounding of the Šobes vineyard,"48.8171694N, 15.9746300E",,,,,,,,,,,,,,,GPS,,,,,,,,,,,,,,,,,,,,,,,,,,,,,hand collecting,very high,07.06.16,,,,,,,,,,,,,,en,,,,,,,,,,,,PreservedSpecimen,,,,
,,,day 3 of the expedition,VS_05_21,Viktor Senderov,,1,,adult,,,,,96% alcohol,,,,,,,,,,,,,,,,,,,,,,,,,,Diptera,Asilidae,,,,,family,,,,,,,,,,,,,,,Czech Republic,CZ,,,,Podyji National Park,,,,,,,,,,,surrounding of the Šobes vineyard,"48.8171694N, 15.9746300E",,,,,,,,,,,,,,,GPS,,,,,,,,,,,,,,,,,,,,,,,,,,,,,hand collecting,very high,07.06.16,,,,,,,,,,,,,,en,,,,,,,,,,,,PreservedSpecimen,,,,
,,,day 3 of the expedition,VS_05_22,Viktor Senderov,,2,,adult,,,,,96% alcohol,,,,,,,,,,,,,,,,,,,,,,,,,,Diptera,Sciridae,,,,,family,,,,,,,,,,,,,,,Czech Republic,CZ,,,,Podyji National Park,,,,,,,,,,,surrounding of the Šobes vineyard,"48.8171694N, 15.9746300E",,,,,,,,,,,,,,,GPS,,,,,,,,,,,,,,,,,,,,,,,,,,,,,hand collecting,very high,07.06.16,,,,,,,,,,,,,,en,,,,,,,,,,,,PreservedSpecimen,,,,
,,,day 3 of the expedition,VS_05_23,Viktor Senderov,,1,,adult,,,,,96% alcohol,,,,,,,,,,,,,,,,,,,,,,,,,,Diptera,Scenopinidae,,,,,family,,,,,,,,,,,,,,,Czech Republic,CZ,,,,Podyji National Park,,,,,,,,,,,surrounding of the Šobes vineyard,"48.8171694N, 15.9746300E",,,,,,,,,,,,,,,GPS,,,,,,,,,,,,,,,,,,,,,,,,,,,,,hand collecting,very high,07.06.16,,,,,,,,,,,,,,en,,,,,,,,,,,,PreservedSpecimen,,,,
,,,,,BIG 4 Team,,,,Adult,,,,,,,,,,,,,,,,,,,,,,,,,,,,,,,Coleoptera,Heteroceridae,Heterocerus,,sp,,genus,,,,,,,,,,,,,,,Czech Republic,,,,,24,,,,,,,,,,,light trap,,,,,,,,,,,,,,,,,,,,,,,,,,,,,,,,,,,,,,,,,,,,,,,,,,,,,,,,,,,,,,,,,,,,,,,,,,,,,
,,,,,BIG 4 Team,,,,Adult,,,,,,,,,,,,,,,,,,,,,,,,,,,,,,,Coleoptera,Staphylinidae,Lordithon,,lunulatus,,species,,,,,,,,,,,,,,,Czech Republic,,,,,19e,,,,,,,,,,,fungi,,,,,,,,,,,,,,,,,,,,,,,,,,,,,,,,,,,,,,,,,,,,,,,,,,,,,,,,,,,,,,,,,,,,,,,,,,,,,
,,,,,BIG 4 Team,,,,Adult,,,,,,,,,,,,,,,,,,,,,,,,,,,,,,,Coleoptera,Staphylinidae,Paederus,,littoralis,,species,,,,,,,,,,,,,,,Czech Republic,,,,,19e,,,,,,,,,,,,,,,,,,,,,,,,,,,,,,,,,,,,,,,,,,,,,,,,,,,,,,,,,,,,,,,,,,,,,,,,,,,,,,,,,,,,,,,,
,,,,,BIG 4 Team,,,,Adult,,,,,,,,,,,,,,,,,,,,,,,,,,,,,,,Coleoptera,Staphylinidae,Stenus,,sp,,genus,,,,,,,,,,,,,,,Czech Republic,,,,,19e,,,,,,,,,,,,,,,,,,,,,,,,,,,,,,,,,,,,,,,,,,,,,,,,,,,,,,,,,,,,,,,,,,,,,,,,,,,,,,,,,,,,,,,,
,,,,,BIG 4 Team,,,,Adult,,,,,,,,,,,,,,,,,,,,,,,,,,,,,,,Coleoptera,Staphylinidae,Tachinus,,sp,,genus,,,,,,,,,,,,,,,Czech Republic,,,,,19e,,,,,,,,,,,,,,,,,,,,,,,,,,,,,,,,,,,,,,,,,,,,,,,,,,,,,,,,,,,,,,,,,,,,,,,,,,,,,,,,,,,,,,,,
,,,,,BIG 4 Team,,,,Adult,,,,,,,,,,,,,,,,,,,,,,,,,,,,,,,Coleoptera,Lucanidae,Lucanus,,cervus,,species,,,,,,,,,,,,,,,Czech Republic,,,,,Locality 1,,,,,,,,,,,,,,,,,,,,,,,,,,,,,,,,,,,,,,,,,,,,,,,,,,,,,,,,,,,,,,,,,,,,,,,,,,,,,,,,,,,,,,,,
,,,,,BIG 4 Team,,,,Adult,,,,,,,,,,,,,,,,,,,,,,,,,,,,,,,Coleoptera,Scarabaeidae,Cetonia,,aurata,,species,,,,,,,,,,,,,,,Czech Republic,,,,,garden ,,,,,,,,,,,,,,,,,,,,,,,,,,,,,,,,,,,,,,,,,,,,,,,,,,,,,,,,,,,,,,,,,,,,,,,,,,,,,,,,,,,,,,,,
,,,,,BIG 4 Team,,,,Adult,,,,,,,,,,,,,,,,,,,,,,,,,,,,,,,Coleoptera,Scarabaeidae,Protaetia,,cuprea,,species,,,,,,,,,,,,,,,Czech Republic,,,,,garden ,,,,,,,,,,,,,,,,,,,,,,,,,,,,,,,,,,,,,,,,,,,,,,,,,,,,,,,,,,,,,,,,,,,,,,,,,,,,,,,,,,,,,,,,
,,,,,BIG 4 Team,,,,Adult,,,,,,,,,,,,,,,,,,,,,,,,,,,,,,,Coleoptera,Scarabaeidae,Oxythyrea,,funesta,,species,,,,,,,,,,,,,,,Czech Republic,,,,,24f,,,,,,,,,,,,,,,,,,,,,,,,,,,,,,,,,,,,,,,,,,,,,,,,,,,,,,,,,,,,,,,,,,,,,,,,,,,,,,,,,,,,,,,,
,,,,,BIG 4 Team,,,,Adult,,,,,,,,,,,,,,,,,,,,,,,,,,,,,,,Coleoptera,Pyrochroidae,Pyrochroa,,coccinea,,species,,,,,,,,,,,,,,,Czech Republic,,,,,20,,,,,,,,,,,,,,,,,,,,,,,,,,,,,,,,,,,,,,,,,,,,,,,,,,,,,,,,,,,,,,,,,,,,,,,,,,,,,,,,,,,,,,,,
,,,,,BIG 4 Team,,,,Adult,,,,,,,,,,,,,,,,,,,,,,,,,,,,,,,Coleoptera,Cerambycidae,Cerambyx,,cerdo,,species,,,,,,,,,,,,,,,Czech Republic,,,,,???,,,,,,,,,,,,,,,,,,,,,,,,,,,,,,,,,,,,,,,,,,,,,,,,,,,,,,,,,,,,,,,,,,,,,,,,,,,,,,,,,,,,,,,,
,,,,,BIG 4 Team,,,,Adult,,,,,,,,,,,,,,,,,,,,,,,,,,,,,,,Coleoptera,Lucanidae,Dorcus,,parallelipipedus,,,,,,,,,,,,,,,,,Czech Republic,,,,,Locailty 4,,,,,,,,,,,,,,,,,,,,,,,,,,,,,,,,,,,,,,,,,,,,,,,,,,,,,,,,,,,,,,,,,,,,,,,,,,,,,,,,,,,,,,,,
,,,,,BIG 4 Team,,,,Adult,,,,,,,,,,,,,,,,,,,,,,,,,,,,,,,Coleoptera,Scarabaeidae,Gnorimus,,nobilis,,,,,,,,,,,,,,,,,Czech Republic,,,,,Locailty 4,,,,,,,,,,,,,,,,,,,,,,,,,,,,,,,,,,,,,,,,,,,,,,,,,,,,,,,,,,,,,,,,,,,,,,,,,,,,,,,,,,,,,,,,
,,,,,BIG 4 Team,,,,Adult,,,,,,,,,,,,,,,,,,,,,,,,,,,,,,,Coleoptera,Scarabaeidae,Protaetia,,speciosissima,,,,,,,,,,,,,,,,,Czech Republic,,,,,Locailty 4,,,,,,,,,,,,,,,,,,,,,,,,,,,,,,,,,,,,,,,,,,,,,,,,,,,,,,,,,,,,,,,,,,,,,,,,,,,,,,,,,,,,,,,,
,,,,,BIG 4 Team,,,,Adult,,,,,,,,,,,,,,,,,,,,,,,,,,,,,,,Coleoptera,Scarabaeidae,Valgus,,hemipterus,,,,,,,,,,,,,,,,,Czech Republic,,,,,Locality 1,,,,,,,,,,,,,,,,,,,,,,,,,,,,,,,,,,,,,,,,,,,,,,,,,,,,,,,,,,,,,,,,,,,,,,,,,,,,,,,,,,,,,,,,
,,,,,BIG 4 Team,,,,Adult,,,,,,,,,,,,,,,,,,,,,,,,,,,,,,,Coleoptera,Scarabaeidae,Phyllopertha,,horticola,,,,,,,,,,,,,,,,,Czech Republic,,,,,Locality 1,,,,,,,,,,,,,,,,,,,,,,,,,,,,,,,,,,,,,,,,,,,,,,,,,,,,,,,,,,,,,,,,,,,,,,,,,,,,,,,,,,,,,,,,
,,,,,BIG 4 Team,,,,Adult,,,,,,,,,,,,,,,,,,,,,,,,,,,,,,,Coleoptera,Geotrupidae,Anoplotrupes,,stercorosus,,,,,,,,,,,,,,,,,Czech Republic,,,,,Locailty 2,,,,,,,,,,,,,,,,,,,,,,,,,,,,,,,,,,,,,,,,,,,,,,,,,,,,,,,,,,,,,,,,,,,,,,,,,,,,,,,,,,,,,,,,
,,,,,BIG 4 Team,,,,Adult,,,,,,,,,,,,,,,,,,,,,,,,,,,,,,,Coleoptera,Geotrupidae,Trypocopris,Trypocopris,vernalis,,,,,,,,,,,,,,,,,Czech Republic,,,,,Locailty 2,,,,,,,,,,,,,,,,,,,,,,,,,,,,,,,,,,,,,,,,,,,,,,,,,,,,,,,,,,,,,,,,,,,,,,,,,,,,,,,,,,,,,,,,
,,,,,BIG 4 Team,,,,Adult,,,,,,,,,,,,,,,,,,,,,,,,,,,,,,,Coleoptera,Cleridae,Thanasimus,,sp,,,,,,,,,,,,,,,,,Czech Republic,,,,,,,,,,,,,,,,,,,,,,,,,,,,,,,,,,,,,,,,,,,,,,,,,,,,,,,,,,,,,,,,,,,,,,,,,,,,,,,,,,,,,,,,,,,,,
,,,,,BIG 4 Team,,,,Adult,,,,,,,,,,,,,,,,,,,,,,,,,,,,,,,Coleoptera,Cerambycidae,Judolia,,sexmaculata,,,,,,,,,,,,,,,,,Czech Republic,,,,,Locality 3,,,,,,,,,,,,,,,,,,,,,,,,,,,,,,,,,,,,,,,,,,,,,,,,,,,,,,,,,,,,,,,,,,,,,,,,,,,,,,,,,,,,,,,,
,,,,,BIG 4 Team,,,,Adult,,,,,,,,,,,,,,,,,,,,,,,,,,,,,,,Coleoptera,Cerambycidae,Agapanthis,,villosoviridascens,,,,,,,,,,,,,,,,,Czech Republic,,,,,Locality 3,,,,,,,,,,,,,,,,,,,,,,,,,,,,,,,,,,,,,,,,,,,,,,,,,,,,,,,,,,,,,,,,,,,,,,,,,,,,,,,,,,,,,,,,
,,,,,BIG 4 Team,,,,Adult,,,,,,,,,,,,,,,,,,,,,,,,,,,,,,,Coleoptera,Carabidae,Abax,,parallelepipedus,,,,,,,,,,,,,,,,,Czech Republic,,,,,Locality 3,,,,,,,,,,,,,,,,,,,,,,,,,,,,,,,,,,,,,,,,,,,,,,,,,,,,,,,,,,,,,,,,,,,,,,,,,,,,,,,,,,,,,,,,
,,,,,BIG 4 Team,,,,Adult,,,,,,,,,,,,,,,,,,,,,,,,,,,,,,,Coleoptera,Cleridae,Clerus,,mutillarius,,,,,,,,,,,,,,,,,Czech Republic,,,,,Locality 3,,,,,,,,,,,,,,,,,,,,,,,,,,,,,,,,,,,,,,,,,,,,,,,,,,,,,,,,,,,,,,,,,,,,,,,,,,,,,,,,,,,,,,,,
,,,,,BIG 4 Team,,,,Adult,,,,,,,,,,,,,,,,,,,,,,,,,,,,,,,Coleoptera,Mycetophagidae,Mycetophagus,,quadripustulatus,,,,,,,,,,,,,,,,,Czech Republic,,,,,Locality 3,,,,,,,,,,,,,,,,,,,,,,,,,,,,,,,,,,,,,,,,,,,,,,,,,,,,,,,,,,,,,,,,,,,,,,,,,,,,,,,,,,,,,,,,
,,,,,BIG 4 Team,,,,Adult,,,,,,,,,,,,,,,,,,,,,,,,,,,,,,,Coleoptera,Tenebrionidae,Diaperis,,boleti,,,,,,,,,,,,,,,,,Czech Republic,,,,,Locality 3,,,,,,,,,,,,,,,,,,,,,,,,,,,,,,,,,,,,,,,,,,,,,,,,,,,,,,,,,,,,,,,,,,,,,,,,,,,,,,,,,,,,,,,,
,,,,,BIG 4 Team,,,,Adult,,,,,,,,,,,,,,,,,,,,,,,,,,,,,,,Coleoptera,Tenebrionidae,Platydema,,violaceum,,,,,,,,,,,,,,,,,Czech Republic,,,,,Locality 3,,,,,,,,,,,,,,,,,,,,,,,,,,,,,,,,,,,,,,,,,,,,,,,,,,,,,,,,,,,,,,,,,,,,,,,,,,,,,,,,,,,,,,,,
,,,,,BIG 4 Team,,,,Adult,,,,,,,,,,,,,,,,,,,,,,,,,,,,,,,Coleoptera,Tenebrionidae,Lagria,,hirta,,,,,,,,,,,,,,,,,Czech Republic,,,,,Locality 3,,,,,,,,,,,,,,,,,,,,,,,,,,,,,,,,,,,,,,,,,,,,,,,,,,,,,,,,,,,,,,,,,,,,,,,,,,,,,,,,,,,,,,,,
,,,,,BIG 4 Team,,,,Adult,,,,,,,,,,,,,,,,,,,,,,,,,,,,,,,Coleoptera,Chrysomelidae,Chrysomela,,varians,,,,,,,,,,,,,,,,,Czech Republic,,,,,Locality 3,,,,,,,,,,,,,,,,,,,,,,,,,,,,,,,,,,,,,,,,,,,,,,,,,,,,,,,,,,,,,,,,,,,,,,,,,,,,,,,,,,,,,,,,
,,,,,BIG 4 Team,,,,Adult,,,,,,,,,,,,,,,,,,,,,,,,,,,,,,,Coleoptera,Scraptiidae,Anaspis,,flava,,,,,,,,,,,,,,,,,Czech Republic,,,,,Locality 3,,,,,,,,,,,,,,,,,,,,,,,,,,,,,,,,,,,,,,,,,,,,,,,,,,,,,,,,,,,,,,,,,,,,,,,,,,,,,,,,,,,,,,,,
,,,,,BIG 4 Team,,,,Adult,,,,,,,,,,,,,,,,,,,,,,,,,,,,,,,Coleoptera,Hydrophilidae,Cercyon,,lateralis,,,,,,,,,,,,,,,,,Czech Republic,,,,,Locality 3,,,,,,,,,,,,,,,,,,,,,,,,,,,,,,,,,,,,,,,,,,,,,,,,,,,,,,,,,,,,,,,,,,,,,,,,,,,,,,,,,,,,,,,,
,,,,,BIG 4 Team,,,,Adult,,,,,,,,,,,,,,,,,,,,,,,,,,,,,,,Coleoptera,Cerambycidae,Alosterna,,tabacicolor,,,,,,,,,,,,,,,,,Czech Republic,,,,,Locality 3,,,,,,,,,,,,,,,,,,,,,,,,,,,,,,,,,,,,,,,,,,,,,,,,,,,,,,,,,,,,,,,,,,,,,,,,,,,,,,,,,,,,,,,,
,,,,,BIG 4 Team,,,,Adult,,,,,,,,,,,,,,,,,,,,,,,,,,,,,,,Coleoptera,Dryopidae,Dryops,,nitidulous,,,,,,,,,,,,,,,,,Czech Republic,,,,,Locality 3,,,,,,,,,,,,,,,,,,,,,,,,,,,,,,,,,,,,,,,,,,,,,,,,,,,,,,,,,,,,,,,,,,,,,,,,,,,,,,,,,,,,,,,,
,,,,,BIG 4 Team,,,,Adult,,,,,,,,,,,,,,,,,,,,,,,,,,,,,,,Coleoptera,Malachidae,Malachius,,bipustulatus,,,,,,,,,,,,,,,,,Czech Republic,,,,,Locality 3,,,,,,,,,,,,,,,,,,,,,,,,,,,,,,,,,,,,,,,,,,,,,,,,,,,,,,,,,,,,,,,,,,,,,,,,,,,,,,,,,,,,,,,,
,,,,,BIG 4 Team,,,,Adult,,,,,,,,,,,,,,,,,,,,,,,,,,,,,,,Coleoptera,Chrysomelidae,Chrysolina,,sp,,,,,,,,,,,,,,,,,Czech Republic,,,,,Locality 3,,,,,,,,,,,,,,,,,,,,,,,,,,,,,,,,,,,,,,,,,,,,,,,,,,,,,,,,,,,,,,,,,,,,,,,,,,,,,,,,,,,,,,,,
,,,,,BIG 4 Team,,,,Adult,,,,,,,,,,,,,,,,,,,,,,,,,,,,,,,Coleoptera,Tenebrionidae,Gonodera,,luperus,,,,,,,,,,,,,,,,,Czech Republic,,,,,Locality 3,,,,,,,,,,,,,,,,,,,,,,,,,,,,,,,,,,,,,,,,,,,,,,,,,,,,,,,,,,,,,,,,,,,,,,,,,,,,,,,,,,,,,,,,
,,,,,BIG 4 Team,,,,Adult,,,,,,,,,,,,,,,,,,,,,,,,,,,,,,,Coleoptera,Tenebrionidae,Bolitophagus,,reticulatus,,,,,,,,,,,,,,,,,Czech Republic,,,,,Locality 1,,,,,,,,,,,,,,,,,,,,,,,,,,,,,,,,,,,,,,,,,,,,,,,,,,,,,,,,,,,,,,,,,,,,,,,,,,,,,,,,,,,,,,,,
,,,,,BIG 4 Team,,,,Adult,,,,,,,,,,,,,,,,,,,,,,,,,,,,,,,Coleoptera,Mycetophagidae,Mycetophagus,,multipunctatus,,,,,,,,,,,,,,,,,Czech Republic,,,,,Locality 1,,,,,,,,,,,,,,,,,,,,,,,,,,,,,,,,,,,,,,,,,,,,,,,,,,,,,,,,,,,,,,,,,,,,,,,,,,,,,,,,,,,,,,,,
,,,,,BIG 4 Team,,,,Adult,,,,,,,,,,,,,,,,,,,,,,,,,,,,,,,Coleoptera,Nitidulidae,Glischrochilus,,quadrisignatus,,,,,,,,,,,,,,,,,Czech Republic,,,,,Locality 2,,,,,,,,,,,,,,,,,,,,,,,,,,,,,,,,,,,,,,,,,,,,,,,,,,,,,,,,,,,,,,,,,,,,,,,,,,,,,,,,,,,,,,,,
,,,,,BIG 4 Team,,,,Adult,,,,,,,,,,,,,,,,,,,,,,,,,,,,,,,Coleoptera,Nitidulidae,Epuraea,,sp,,,,,,,,,,,,,,,,,Czech Republic,,,,,Locality 2,,,,,,,,,,,,,,,,,,,,,,,,,,,,,,,,,,,,,,,,,,,,,,,,,,,,,,,,,,,,,,,,,,,,,,,,,,,,,,,,,,,,,,,,
,,,,,BIG 4 Team,,,,Adult,,,,,,,,,,,,,,,,,,,,,,,,,,,,,,,Coleoptera,Leiodidae,Agathidium,,sp,,,,,,,,,,,,,,,,,Czech Republic,,,,,Locality 1,,,,,,,,,,,,,,,,,,,,,,,,,,,,,,,,,,,,,,,,,,,,,,,,,,,,,,,,,,,,,,,,,,,,,,,,,,,,,,,,,,,,,,,,
,,,,,BIG 4 Team,,,,Adult,,,,,,,,,,,,,,,,,,,,,,,,,,,,,,,Coleoptera,Histeridae,Paromalus,,sp,,,,,,,,,,,,,,,,,Czech Republic,,,,,Locality 1,,,,,,,,,,,,,,,,,,,,,,,,,,,,,,,,,,,,,,,,,,,,,,,,,,,,,,,,,,,,,,,,,,,,,,,,,,,,,,,,,,,,,,,,
,,,,,BIG 4 Team,,,,Adult,,,,,,,,,,,,,,,,,,,,,,,,,,,,,,,Coleoptera,Cleridae,Opilo,,mollis,,,,,,,,,,,,,,,,,Czech Republic,,,,,Locality 3,,,,,,,,,,,,,,,,,,,,,,,,,,,,,,,,,,,,,,,,,,,,,,,,,,,,,,,,,,,,,,,,,,,,,,,,,,,,,,,,,,,,,,,,
,,,,,BIG 4 Team,,,,Adult,,,,,,,,,,,,,,,,,,,,,,,,,,,,,,,Coleoptera,Cerambycidae,Stenocorus,,meridianus,,,,,,,,,,,,,,,,,Czech Republic,,,,,Locality 3,,,,,,,,,,,,,,,,,,,,,,,,,,,,,,,,,,,,,,,,,,,,,,,,,,,,,,,,,,,,,,,,,,,,,,,,,,,,,,,,,,,,,,,,
,,,,,BIG 4 Team,,,,Adult,,,,,,,,,,,,,,,,,,,,,,,,,,,,,,,Coleoptera,Chrysomelidae,Cryptocephalus,,sp,,,,,,,,,,,,,,,,,Czech Republic,,,,,Locality 2,,,,,,,,,,,,,,,,,,,,,,,,,,,,,,,,,,,,,,,,,,,,,,,,,,,,,,,,,,,,,,,,,,,,,,,,,,,,,,,,,,,,,,,,
,,,,,BIG 4 Team,,,,Adult,,,,,,,,,,,,,,,,,,,,,,,,,,,,,,,Coleoptera,Cerambycidae,Leptura,,maculata,,,,,,,,,,,,,,,,,Czech Republic,,,,,Locality 4,,,,,,,,,,,,,,,,,,,,,,,,,,,,,,,,,,,,,,,,,,,,,,,,,,,,,,,,,,,,,,,,,,,,,,,,,,,,,,,,,,,,,,,,
,,,,,BIG 4 Team,,,,Adult,,,,,,,,,,,,,,,,,,,,,,,,,,,,,,,Coleoptera,Chrysomelidae,Galeruca,,tanaceti,,,,,,,,,,,,,,,,,Czech Republic,,,,,Locality 4,,,,,,,,,,,,,,,,,,,,,,,,,,,,,,,,,,,,,,,,,,,,,,,,,,,,,,,,,,,,,,,,,,,,,,,,,,,,,,,,,,,,,,,,
,,,,,BIG 4 Team,,,,Adult,,,,,,,,,,,,,,,,,,,,,,,,,,,,,,,Coleoptera,Carabidae,Carabus,,coriaceus,,,,,,,,,,,,,,,,,Czech Republic,,,,,Locality 4,,,,,,,,,,,,,,,,,,,,,,,,,,,,,,,,,,,,,,,,,,,,,,,,,,,,,,,,,,,,,,,,,,,,,,,,,,,,,,,,,,,,,,,,
,,,,,BIG 4 Team,,,,Adult,,,,,,,,,,,,,,,,,,,,,,,,,,,,,,,Coleoptera,Hydrophilidae,Cercyon,,quisquilius,,,,,,,,,,,,,,,,,Czech Republic,,,,,Locality 2,,,,,,,,,,,,,,,,,,,,,,,,,,,,,,,,,,,,,,,,,,,,,,,,,,,,,,,,,,,,,,,,,,,,,,,,,,,,,,,,,,,,,,,,
,,,,,BIG 4 Team,,,,Adult,,,,,,,,,,,,,,,,,,,,,,,,,,,,,,,Coleoptera,Scarabaeidae,Aphodius,,1,,,,,,,,,,,,,,,,,Czech Republic,,,,,Locality 2,,,,,,,,,,,,,,,,,,,,,,,,,,,,,,,,,,,,,,,,,,,,,,,,,,,,,,,,,,,,,,,,,,,,,,,,,,,,,,,,,,,,,,,,
,,,,,BIG 4 Team,,,,Adult,,,,,,,,,,,,,,,,,,,,,,,,,,,,,,,Coleoptera,Scarabaeidae,Aphodius,,2,,,,,,,,,,,,,,,,,Czech Republic,,,,,Locality 2,,,,,,,,,,,,,,,,,,,,,,,,,,,,,,,,,,,,,,,,,,,,,,,,,,,,,,,,,,,,,,,,,,,,,,,,,,,,,,,,,,,,,,,,
,,,,,BIG 4 Team,,,,Adult,,,,,,,,,,,,,,,,,,,,,,,,,,,,,,,Coleoptera,Cerambycidae,Pseudovadonia,,livida,,,,,,,,,,,,,,,,,Czech Republic,,,,,Locality 2,,,,,,,,,,,,,,,,,,,,,,,,,,,,,,,,,,,,,,,,,,,,,,,,,,,,,,,,,,,,,,,,,,,,,,,,,,,,,,,,,,,,,,,,
,,,,,BIG 4 Team,,,,Adult,,,,,,,,,,,,,,,,,,,,,,,,,,,,,,,Coleoptera,Scraptiidae,Anaspis,,frontalis,,,,,,,,,,,,,,,,,Czech Republic,,,,,Locality 2,,,,,,,,,,,,,,,,,,,,,,,,,,,,,,,,,,,,,,,,,,,,,,,,,,,,,,,,,,,,,,,,,,,,,,,,,,,,,,,,,,,,,,,,
,,,,,BIG 4 Team,,,,Adult,,,,,,,,,,,,,,,,,,,,,,,,,,,,,,,Coleoptera,Curculionidae,Gymnetron,,sp,,,,,,,,,,,,,,,,,Czech Republic,,,,,Locality 2,,,,,,,,,,,,,,,,,,,,,,,,,,,,,,,,,,,,,,,,,,,,,,,,,,,,,,,,,,,,,,,,,,,,,,,,,,,,,,,,,,,,,,,,
,,,,,BIG 4 Team,,,,Adult,,,,,,,,,,,,,,,,,,,,,,,,,,,,,,,Coleoptera,Scarabaeidae,Onthophagus,,,,,,,,,,,,,,,,,,,Czech Republic,,,,,Locality 2,,,,,,,,,,,,,,,,,,,,,,,,,,,,,,,,,,,,,,,,,,,,,,,,,,,,,,,,,,,,,,,,,,,,,,,,,,,,,,,,,,,,,,,,
,,,,,BIG 4 Team,,,,Adult,,,,,,,,,,,,,,,,,,,,,,,,,,,,,,,Coleoptera,Hydrophilidae,Cercyon,,haemorrhoidis,,,,,,,,,,,,,,,,,Czech Republic,,,,,Locality 2,,,,,,,,,,,,,,,,,,,,,,,,,,,,,,,,,,,,,,,,,,,,,,,,,,,,,,,,,,,,,,,,,,,,,,,,,,,,,,,,,,,,,,,,
,,,,,BIG 4 Team,,,,Adult,,,,,,,,,,,,,,,,,,,,,,,,,,,,,,,Coleoptera,Dytiscidae,Hygrotus,,decoratus,,,,,,,,,,,,,,,,,Czech Republic,,,,,Locality 2,,,,,,,,,,,,,,,,,,,,,,,,,,,,,,,,,,,,,,,,,,,,,,,,,,,,,,,,,,,,,,,,,,,,,,,,,,,,,,,,,,,,,,,,
,,,,,BIG 4 Team,,,,Adult,,,,,,,,,,,,,,,,,,,,,,,,,,,,,,,Coleoptera,Dytiscidae,Agabus,,uliginosus,,,,,,,,,,,,,,,,,Czech Republic,,,,,Locality 2,,,,,,,,,,,,,,,,,,,,,,,,,,,,,,,,,,,,,,,,,,,,,,,,,,,,,,,,,,,,,,,,,,,,,,,,,,,,,,,,,,,,,,,,
,,,,,BIG 4 Team,,,,Adult,,,,,,,,,,,,,,,,,,,,,,,,,,,,,,,Coleoptera,Dytiscidae,Hydroporus,,planus,,,,,,,,,,,,,,,,,Czech Republic,,,,,Locality 2,,,,,,,,,,,,,,,,,,,,,,,,,,,,,,,,,,,,,,,,,,,,,,,,,,,,,,,,,,,,,,,,,,,,,,,,,,,,,,,,,,,,,,,,
,,,,,BIG 4 Team,,,,Adult,,,,,,,,,,,,,,,,,,,,,,,,,,,,,,,Coleoptera,Dytiscidae,Agabus,,sp,,,,,,,,,,,,,,,,,Czech Republic,,,,,Locality 2,,,,,,,,,,,,,,,,,,,,,,,,,,,,,,,,,,,,,,,,,,,,,,,,,,,,,,,,,,,,,,,,,,,,,,,,,,,,,,,,,,,,,,,,
,,,,,BIG 4 Team,,,,Adult,,,,,,,,,,,,,,,,,,,,,,,,,,,,,,,Coleoptera,Helophoridae,Helophorus,,minutus,,,,,,,,,,,,,,,,,Czech Republic,,,,,Locality 2,,,,,,,,,,,,,,,,,,,,,,,,,,,,,,,,,,,,,,,,,,,,,,,,,,,,,,,,,,,,,,,,,,,,,,,,,,,,,,,,,,,,,,,,
,,,,,BIG 4 Team,,,,Adult,,,,,,,,,,,,,,,,,,,,,,,,,,,,,,,Coleoptera,Hydrophilidae,Hydrobius,,fuscipes,,,,,,,,,,,,,,,,,Czech Republic,,,,,Locality 2,,,,,,,,,,,,,,,,,,,,,,,,,,,,,,,,,,,,,,,,,,,,,,,,,,,,,,,,,,,,,,,,,,,,,,,,,,,,,,,,,,,,,,,,
,,,,,BIG 4 Team,,,,Adult,,,,,,,,,,,,,,,,,,,,,,,,,,,,,,,Coleoptera,Hydrophilidae,Anacaena,,latescens,,,,,,,,,,,,,,,,,Czech Republic,,,,,Locality 2,,,,,,,,,,,,,,,,,,,,,,,,,,,,,,,,,,,,,,,,,,,,,,,,,,,,,,,,,,,,,,,,,,,,,,,,,,,,,,,,,,,,,,,,
,,,,,BIG 4 Team,,,,Adult,,,,,,,,,,,,,,,,,,,,,,,,,,,,,,,Coleoptera,Hydrophilidae,Anacaena,,limbata,,,,,,,,,,,,,,,,,Czech Republic,,,,,Locality 2,,,,,,,,,,,,,,,,,,,,,,,,,,,,,,,,,,,,,,,,,,,,,,,,,,,,,,,,,,,,,,,,,,,,,,,,,,,,,,,,,,,,,,,,
,,,,,BIG 4 Team,,,,Adult,,,,,,,,,,,,,,,,,,,,,,,,,,,,,,,Coleoptera,Coccinelidae,Coccinella,,septempunctata,,,,,,,,,,,,,,,,,Czech Republic,,,,,Locality 2,,,,,,,,,,,,,,,,,,,,,,,,,,,,,,,,,,,,,,,,,,,,,,,,,,,,,,,,,,,,,,,,,,,,,,,,,,,,,,,,,,,,,,,,
,,,,,BIG 4 Team,,,,Adult,,,,,,,,,,,,,,,,,,,,,,,,,,,,,,,Coleoptera,Byturidae,Byturus ,,tomentosus,,,,,,,,,,,,,,,,,Czech Republic,,,,,Locality 4,,,,,,,,,,,,,,,,,,,,,,,,,,,,,,,,,,,,,,,,,,,,,,,,,,,,,,,,,,,,,,,,,,,,,,,,,,,,,,,,,,,,,,,,
,,,,,BIG 4 Team,,,,Adult,,,,,,,,,,,,,,,,,,,,,,,,,,,,,,,Coleoptera,Chrysomelidae,Liliocerus,,lilii,,,,,,,,,,,,,,,,,Czech Republic,,,,,Locality 4,,,,,,,,,,,,,,,,,,,,,,,,,,,,,,,,,,,,,,,,,,,,,,,,,,,,,,,,,,,,,,,,,,,,,,,,,,,,,,,,,,,,,,,,
,,,,,BIG 4 Team,,,,Adult,,,,,,,,,,,,,,,,,,,,,,,,,,,,,,,Coleoptera,Endomychidae,Mycetina,,cruciata,,,,,,,,,,,,,,,,,Czech Republic,,,,,Locality 2,,,,,,,,,,,,,,,,,,,,,,,,,,,,,,,,,,,,,,,,,,,,,,,,,,,,,,,,,,,,,,,,,,,,,,,,,,,,,,,,,,,,,,,,
,,,,,BIG 4 Team,,,,Adult,,,,,,,,,,,,,,,,,,,,,,,,,,,,,,,Coleoptera,Staphylinidae,Scaphisoma,,boreale,,,,,,,,,,,,,,,,,Czech Republic,,,,,Locality 2,,,,,,,,,,,,,,,,,,,,,,,,,,,,,,,,,,,,,,,,,,,,,,,,,,,,,,,,,,,,,,,,,,,,,,,,,,,,,,,,,,,,,,,,
,,,,,BIG 4 Team,,,,Adult,,,,,,,,,,,,,,,,,,,,,,,,,,,,,,,Coleoptera,Elateridae,Ampedus,,sanguineus,,,,,,,,,,,,,,,,,Czech Republic,,,,,Locality 2,,,,,,,,,,,,,,,,,,,,,,,,,,,,,,,,,,,,,,,,,,,,,,,,,,,,,,,,,,,,,,,,,,,,,,,,,,,,,,,,,,,,,,,,
,,,,,BIG 4 Team,,,,Adult,,,,,,,,,,,,,,,,,,,,,,,,,,,,,,,Coleoptera,Tenebrionidae,Mycetochara,,flavipes,,,,,,,,,,,,,,,,,Czech Republic,,,,,Locality 2,,,,,,,,,,,,,,,,,,,,,,,,,,,,,,,,,,,,,,,,,,,,,,,,,,,,,,,,,,,,,,,,,,,,,,,,,,,,,,,,,,,,,,,,
,,,,,BIG 4 Team,,,,Adult,,,,,,,,,,,,,,,,,,,,,,,,,,,,,,,Coleoptera,Ptinidae,Ptinus,,rufipes,,,,,,,,,,,,,,,,,Czech Republic,,,,,Locality 2,,,,,,,,,,,,,,,,,,,,,,,,,,,,,,,,,,,,,,,,,,,,,,,,,,,,,,,,,,,,,,,,,,,,,,,,,,,,,,,,,,,,,,,,
,,,,,BIG 4 Team,,,,Adult,,,,,,,,,,,,,,,,,,,,,,,,,,,,,,,Coleoptera,Staphylinidae,Philonthus,,succicola,,,,,,,,,,,,,,,,,Czech Republic,,,,,25c,,,,,,,,,,,,,,,,,,,,,,,,,,,,,,,,,,,,,,,,,,,,,,,,,,,,,,,,,,,,,,,,,,,,,,,,,,,,,,,,,,,,,,,,
,,,,,BIG 4 Team,,,,Adult,,,,,,,,,,,,,,,,,,,,,,,,,,,,,,,Coleoptera,Staphylinidae,Philonthus,,varians,,,,,,,,,,,,,,,,,Czech Republic,,,,,25c,,,,,,,,,,,,,,,,,,,,,,,,,,,,,,,,,,,,,,,,,,,,,,,,,,,,,,,,,,,,,,,,,,,,,,,,,,,,,,,,,,,,,,,,
,,,,,BIG 4 Team,,,,Adult,,,,,,,,,,,,,,,,,,,,,,,,,,,,,,,Coleoptera,Cerambycidae,Phymatodes,,testaceus,,,,,,,,,,,,,,,,,Czech Republic,,,,,19e,,,,,,,,,,,,,,,,,,,,,,,,,,,,,,,,,,,,,,,,,,,,,,,,,,,,,,,,,,,,,,,,,,,,,,,,,,,,,,,,,,,,,,,,
,,,,,BIG 4 Team,,,,Adult,,,,,,,,,,,,,,,,,,,,,,,,,,,,,,,Coleoptera,Cerambycidae,Plagionotus,,arcuatus,,,,,,,,,,,,,,,,,Czech Republic,,,,,19e,,,,,,,,,,,,,,,,,,,,,,,,,,,,,,,,,,,,,,,,,,,,,,,,,,,,,,,,,,,,,,,,,,,,,,,,,,,,,,,,,,,,,,,,
,,,,,BIG 4 Team,,,,Adult,,,,,,,,,,,,,,,,,,,,,,,,,,,,,,,Coleoptera,Carabidae,Abax,,parallelepipedus,,,,,,,,,,,,,,,,,Czech Republic,,,,,Locality 4,,,,,,,,,,,,,,,,,,,,,,,,,,,,,,,,,,,,,,,,,,,,,,,,,,,,,,,,,,,,,,,,,,,,,,,,,,,,,,,,,,,,,,,,
,,,,,BIG 4 Team,,,,Adult,,,,,,,,,,,,,,,,,,,,,,,,,,,,,,,Coleoptera,Cerambycidae,Phytoecia,,nigripes,,,,,,,,,,,,,,,,,Czech Republic,,,,,19e,,,,,,,,,,,,,,,,,,,,,,,,,,,,,,,,,,,,,,,,,,,,,,,,,,,,,,,,,,,,,,,,,,,,,,,,,,,,,,,,,,,,,,,,
,,,,,BIG 4 Team,,,,Adult,,,,,,,,,,,,,,,,,,,,,,,,,,,,,,,Coleoptera,Cerambycidae,Ropalopus,,femoratus,,,,,,,,,,,,,,,,,Czech Republic,,,,,19e,,,,,,,,,,,,,,,,,,,,,,,,,,,,,,,,,,,,,,,,,,,,,,,,,,,,,,,,,,,,,,,,,,,,,,,,,,,,,,,,,,,,,,,,
,,,,,BIG 4 Team,,,,Adult,,,,,,,,,,,,,,,,,,,,,,,,,,,,,,,Coleoptera,Carabidae,Nebria,,brevicollis,,,,,,,,,,,,,,,,,Czech Republic,,,,,19e,,,,,,,,,,,,,,,,,,,,,,,,,,,,,,,,,,,,,,,,,,,,,,,,,,,,,,,,,,,,,,,,,,,,,,,,,,,,,,,,,,,,,,,,
,,,,,BIG 4 Team,,,,Adult,,,,,,,,,,,,,,,,,,,,,,,,,,,,,,,Coleoptera,Carabidae,Elaphrus,,cupreus,,,,,,,,,,,,,,,,,Czech Republic,,,,,19e,,,,,,,,,,,,,,,,,,,,,,,,,,,,,,,,,,,,,,,,,,,,,,,,,,,,,,,,,,,,,,,,,,,,,,,,,,,,,,,,,,,,,,,,
,,,,,BIG 4 Team,,,,Adult,,,,,,,,,,,,,,,,,,,,,,,,,,,,,,,Coleoptera,Carabidae,Harpalus,,affinis,,,,,,,,,,,,,,,,,Czech Republic,,,,,19e,,,,,,,,,,,,,,,,,,,,,,,,,,,,,,,,,,,,,,,,,,,,,,,,,,,,,,,,,,,,,,,,,,,,,,,,,,,,,,,,,,,,,,,,
,,,,,BIG 4 Team,,,,Adult,,,,,,,,,,,,,,,,,,,,,,,,,,,,,,,Coleoptera,Nitidulidae,Carpophilus,,hemipterus,,,,,,,,,,,,,,,,,Czech Republic,,,,,Locality 2,,,,,,,,,,,,,,,,,,,,,,,,,,,,,,,,,,,,,,,,,,,,,,,,,,,,,,,,,,,,,,,,,,,,,,,,,,,,,,,,,,,,,,,,
,,,,,BIG 4 Team,,,,Adult,,,,,,,,,,,,,,,,,,,,,,,,,,,,,,,Coleoptera,Chrysomelidae,Clytra,,quadripunctata,,,,,,,,,,,,,,,,,Czech Republic,,,,,Locality 4,,,,,,,,,,,,,,,,,,,,,,,,,,,,,,,,,,,,,,,,,,,,,,,,,,,,,,,,,,,,,,,,,,,,,,,,,,,,,,,,,,,,,,,,
,,,,,BIG 4 Team,,,,Adult,,,,,,,,,,,,,,,,,,,,,,,,,,,,,,,Coleoptera,Oedemeridae,Oedemera,,podagrariae,,,,,,,,,,,,,,,,,Czech Republic,,,,,Locality 4,,,,,,,,,,,,,,,,,,,,,,,,,,,,,,,,,,,,,,,,,,,,,,,,,,,,,,,,,,,,,,,,,,,,,,,,,,,,,,,,,,,,,,,,
,,,,,BIG 4 Team,,,,Adult,,,,,,,,,,,,,,,,,,,,,,,,,,,,,,,Coleoptera,Scarabaeidae,Onthophagus,,verticicornis,,,,,,,,,,,,,,,,,Czech Republic,,,,,Locality 4,,,,,,,,,,,,,,,,,,,,,,,,,,,,,,,,,,,,,,,,,,,,,,,,,,,,,,,,,,,,,,,,,,,,,,,,,,,,,,,,,,,,,,,,
,,,,,BIG 4 Team,,,,Adult,,,,,,,,,,,,,,,,,,,,,,,,,,,,,,,Coleoptera,Buprestidae,Anthaxia,,similis,,,,,,,,,,,,,,,,,Czech Republic,,,,,Locality 4,,,,,,,,,,,,,,,,,,,,,,,,,,,,,,,,,,,,,,,,,,,,,,,,,,,,,,,,,,,,,,,,,,,,,,,,,,,,,,,,,,,,,,,,
,,,,,BIG 4 Team,,,,Adult,,,,,,,,,,,,,,,,,,,,,,,,,,,,,,,Coleoptera,Chrysomelidae,Cryptocephalus,,sericeus,,,,,,,,,,,,,,,,,Czech Republic,,,,,Locality 2,,,,,,,,,,,,,,,,,,,,,,,,,,,,,,,,,,,,,,,,,,,,,,,,,,,,,,,,,,,,,,,,,,,,,,,,,,,,,,,,,,,,,,,,
,,,,,BIG 4 Team,,,,Adult,,,,,,,,,,,,,,,,,,,,,,,,,,,,,,,Coleoptera,Carabidae,Notiophilus,,biguttatus,,,,,,,,,,,,,,,,,Czech Republic,,,,,19e,,,,,,,,,,,,,,,,,,,,,,,,,,,,,,,,,,,,,,,,,,,,,,,,,,,,,,,,,,,,,,,,,,,,,,,,,,,,,,,,,,,,,,,,
,,,,,BIG 4 Team,,,,Adult,,,,,,,,,,,,,,,,,,,,,,,,,,,,,,,Coleoptera,Cerambycidae,Glaphyra,,umbellaezrum,,,,,,,,,,,,,,,,,Czech Republic,,,,,Locality 2,,,,,,,,,,,,,,,,,,,,,,,,,,,,,,,,,,,,,,,,,,,,,,,,,,,,,,,,,,,,,,,,,,,,,,,,,,,,,,,,,,,,,,,,
,,,,,BIG 4 Team,,,,Adult,,,,,,,,,,,,,,,,,,,,,,,,,,,,,,,Coleoptera,Coccinelidae,Scymnus,,zuratus,,,,,,,,,,,,,,,,,Czech Republic,,,,,Locality 2,,,,,,,,,,,,,,,,,,,,,,,,,,,,,,,,,,,,,,,,,,,,,,,,,,,,,,,,,,,,,,,,,,,,,,,,,,,,,,,,,,,,,,,,
,,,,,BIG 4 Team,,,,Adult,,,,,,,,,,,,,,,,,,,,,,,,,,,,,,,Coleoptera,Pyrochroidae,Pyrochroa,,coccinea,,,,,,,,,,,,,,,,,Czech Republic,,,,,Locality 2,,,,,,,,,,,,,,,,,,,,,,,,,,,,,,,,,,,,,,,,,,,,,,,,,,,,,,,,,,,,,,,,,,,,,,,,,,,,,,,,,,,,,,,,
,,,,,BIG 4 Team,,,,Adult,,,,,,,,,,,,,,,,,,,,,,,,,,,,,,,Coleoptera,Cantharidae,Cantharis,,obscura,,,,,,,,,,,,,,,,,Czech Republic,,,,,Locality 2,,,,,,,,,,,,,,,,,,,,,,,,,,,,,,,,,,,,,,,,,,,,,,,,,,,,,,,,,,,,,,,,,,,,,,,,,,,,,,,,,,,,,,,,
,,,,,BIG 4 Team,,,,Adult,,,,,,,,,,,,,,,,,,,,,,,,,,,,,,,Coleoptera,Tenebrionidae,Omophlus,,sp,,,,,,,,,,,,,,,,,Czech Republic,,,,,Locality 2,,,,,,,,,,,,,,,,,,,,,,,,,,,,,,,,,,,,,,,,,,,,,,,,,,,,,,,,,,,,,,,,,,,,,,,,,,,,,,,,,,,,,,,,
,,,,,BIG 4 Team,,,,Adult,,,,,,,,,,,,,,,,,,,,,,,,,,,,,,,Coleoptera,Nitidulidae,Pityophagus,,sp,,,,,,,,,,,,,,,,,Czech Republic,,,,,Locality 1,,,,,,,,,,,,,,,,,,,,,,,,,,,,,,,,,,,,,,,,,,,,,,,,,,,,,,,,,,,,,,,,,,,,,,,,,,,,,,,,,,,,,,,,
,,,,,BIG 4 Team,,,,Adult,,,,,,,,,,,,,,,,,,,,,,,,,,,,,,,Coleoptera,Staphylinidae,Tachinus,,proximus,,,,,,,,,,,,,,,,,Czech Republic,,,,,25e,,,,,,,,,,,,,,,,,,,,,,,,,,,,,,,,,,,,,,,,,,,,,,,,,,,,,,,,,,,,,,,,,,,,,,,,,,,,,,,,,,,,,,,,
,,,,,BIG 4 Team,,,,Adult,,,,,,,,,,,,,,,,,,,,,,,,,,,,,,,Coleoptera,Cleridae,Trichodes,,alvearius,,,,,,,,,,,,,,,,,Czech Republic,,,,,24b,,,,,,,,,,,,,,,,,,,,,,,,,,,,,,,,,,,,,,,,,,,,,,,,,,,,,,,,,,,,,,,,,,,,,,,,,,,,,,,,,,,,,,,,
,,,,,BIG 4 Team,,,,Adult,,,,,,,,,,,,,,,,,,,,,,,,,,,,,,,Coleoptera,Staphylinidae,Quedius,,cinctus,,,,,,,,,,,,,,,,,Czech Republic,,,,,24a,,,,,,,,,,,,,,,,,,,,,,,,,,,,,,,,,,,,,,,,,,,,,,,,,,,,,,,,,,,,,,,,,,,,,,,,,,,,,,,,,,,,,,,,
,,,,,BIG 4 Team,,,,Adult,,,,,,,,,,,,,,,,,,,,,,,,,,,,,,,Coleoptera,Carabidae,Carabus,,hortensis,,,,,,,,,,,,,,,,,Czech Republic,,,,,,,,,,,,,,,,,,,,,,,,,,,,,,,,,,,,,,,,,,,,,,,,,,,,,,,,,,,,,,,,,,,,,,,,,,,,,,,,,,,,,,,,,,,,,
,,,,,BIG 4 Team,,,,Adult,,,,,,,,,,,,,,,,,,,,,,,,,,,,,,,Coleoptera,Staphylinidae,Quedius,,ochripennis,,,,,,,,,,,,,,,,,Czech Republic,,,,,24a,,,,,,,,,,,,,,,,,,,,,,,,,,,,,,,,,,,,,,,,,,,,,,,,,,,,,,,,,,,,,,,,,,,,,,,,,,,,,,,,,,,,,,,,
,,,,,BIG 4 Team,,,,Adult,,,,,,,,,,,,,,,,,,,,,,,,,,,,,,,Coleoptera,Staphylinidae,Hypnogyra,,angularis,,,,,,,,,,,,,,,,,Czech Republic,,,,,19e,,,,,,,,,,,,,,,,,,,,,,,,,,,,,,,,,,,,,,,,,,,,,,,,,,,,,,,,,,,,,,,,,,,,,,,,,,,,,,,,,,,,,,,,
,,,,,BIG 4 Team,,,,Adult,,,,,,,,,,,,,,,,,,,,,,,,,,,,,,,Coleoptera,Carabidae,Harpalus,,sp,,,,,,,,,,,,,,,,,Czech Republic,,,,,25c,,,,,,,,,,,,,,,,,,,,,,,,,,,,,,,,,,,,,,,,,,,,,,,,,,,,,,,,,,,,,,,,,,,,,,,,,,,,,,,,,,,,,,,,
,,,,,BIG 4 Team,,,,Adult,,,,,,,,,,,,,,,,,,,,,,,,,,,,,,,Coleoptera,Staphylinidae,Lathrobium,,fovulum,,,,,,,,,,,,,,,,,Czech Republic,,,,,21a,,,,,,,,,,,,,,,,,,,,,,,,,,,,,,,,,,,,,,,,,,,,,,,,,,,,,,,,,,,,,,,,,,,,,,,,,,,,,,,,,,,,,,,,
,,,,,BIG 4 Team,,,,Adult,,,,,,,,,,,,,,,,,,,,,,,,,,,,,,,Coleoptera,Staphylinidae,Philonthus,,fumarius,,,,,,,,,,,,,,,,,Czech Republic,,,,,21a,,,,,,,,,,,,,,,,,,,,,,,,,,,,,,,,,,,,,,,,,,,,,,,,,,,,,,,,,,,,,,,,,,,,,,,,,,,,,,,,,,,,,,,,
,,,,,BIG 4 Team,,,,Adult,,,,,,,,,,,,,,,,,,,,,,,,,,,,,,,Coleoptera,Staphylinidae,Philonthus,,rectangulus,,,,,,,,,,,,,,,,,Czech Republic,,,,,24a,,,,,,,,,,,,,,,,,,,,,,,,,,,,,,,,,,,,,,,,,,,,,,,,,,,,,,,,,,,,,,,,,,,,,,,,,,,,,,,,,,,,,,,,
,,,,,BIG 4 Team,,,,Adult,,,,,,,,,,,,,,,,,,,,,,,,,,,,,,,Coleoptera,Lymexylidae,Hylecoetus,,dermestoides,,,,,,,,,,,,,,,,,Czech Republic,,,,,,,,,,,,,,,,,,,,,,,,,,,,,,,,,,,,,,,,,,,,,,,,,,,,,,,,,,,,,,,,,,,,,,,,,,,,,,,,,,,,,,,,,,,,,
,,,,,BIG 4 Team,,,,Adult,,,,,,,,,,,,,,,,,,,,,,,,,,,,,,,Coleoptera,Staphylinidae,Ontholestes,,,,,,,,,,,,,,,,,,,Czech Republic,,,,,24a,,,,,,,,,,,,,,,,,,,,,,,,,,,,,,,,,,,,,,,,,,,,,,,,,,,,,,,,,,,,,,,,,,,,,,,,,,,,,,,,,,,,,,,,
,,,,,BIG 4 Team,,,,Adult,,,,,,,,,,,,,,,,,,,,,,,,,,,,,,,Coleoptera,Staphylinidae,Heterothops,,sp,,,,,,,,,,,,,,,,,Czech Republic,,,,,24a,,,,,,,,,,,,,,,,,,,,,,,,,,,,,,,,,,,,,,,,,,,,,,,,,,,,,,,,,,,,,,,,,,,,,,,,,,,,,,,,,,,,,,,,
,,,,,BIG 4 Team,,,,Adult,,,,,,,,,,,,,,,,,,,,,,,,,,,,,,,Coleoptera,Staphylinidae,Philonthus,,discoideus,,,,,,,,,,,,,,,,,Czech Republic,,,,,24a,,,,,,,,,,,,,,,,,,,,,,,,,,,,,,,,,,,,,,,,,,,,,,,,,,,,,,,,,,,,,,,,,,,,,,,,,,,,,,,,,,,,,,,,
,,,,,BIG 4 Team,,,,Adult,,,,,,,,,,,,,,,,,,,,,,,,,,,,,,,Coleoptera,Staphylinidae,Bisnius,,fimetarius,,,,,,,,,,,,,,,,,Czech Republic,,,,,24a,,,,,,,,,,,,,,,,,,,,,,,,,,,,,,,,,,,,,,,,,,,,,,,,,,,,,,,,,,,,,,,,,,,,,,,,,,,,,,,,,,,,,,,,
,,,,,BIG 4 Team,,,,Adult,,,,,,,,,,,,,,,,,,,,,,,,,,,,,,,Coleoptera,Staphylinidae,Platydracus,,chalcocephalus,,,,,,,,,,,,,,,,,Czech Republic,,,,,22a,,,,,,,,,,,,,,,,,,,,,,,,,,,,,,,,,,,,,,,,,,,,,,,,,,,,,,,,,,,,,,,,,,,,,,,,,,,,,,,,,,,,,,,,
,,,,,BIG 4 Team,,,,Adult,,,,,,,,,,,,,,,,,,,,,,,,,,,,,,,Coleoptera,Staphylinidae,Rugilus,,rufipes,,,,,,,,,,,,,,,,,Czech Republic,,,,,22a,,,,,,,,,,,,,,,,,,,,,,,,,,,,,,,,,,,,,,,,,,,,,,,,,,,,,,,,,,,,,,,,,,,,,,,,,,,,,,,,,,,,,,,,
,,,,,BIG 4 Team,,,,Adult,,,,,,,,,,,,,,,,,,,,,,,,,,,,,,,Coleoptera,Staphylinidae,Philonthus,,albipes,,,,,,,,,,,,,,,,,Czech Republic,,,,,24a,,,,,,,,,,,,,,,,,,,,,,,,,,,,,,,,,,,,,,,,,,,,,,,,,,,,,,,,,,,,,,,,,,,,,,,,,,,,,,,,,,,,,,,,
,,,,,BIG 4 Team,,,,Adult,,,,,,,,,,,,,,,,,,,,,,,,,,,,,,,Coleoptera,Staphylinidae,Othius ,,sp,,,,,,,,,,,,,,,,,Czech Republic,,,,,21b,,,,,,,,,,,,,,,,,,,,,,,,,,,,,,,,,,,,,,,,,,,,,,,,,,,,,,,,,,,,,,,,,,,,,,,,,,,,,,,,,,,,,,,,
,,,,,BIG 4 Team,,,,Adult,,,,,,,,,,,,,,,,,,,,,,,,,,,,,,,Coleoptera,Staphylinidae,Philonthus,,tenuicornis,,,,,,,,,,,,,,,,,Czech Republic,,,,,24a,,,,,,,,,,,,,,,,,,,,,,,,,,,,,,,,,,,,,,,,,,,,,,,,,,,,,,,,,,,,,,,,,,,,,,,,,,,,,,,,,,,,,,,,
,,,,,BIG 4 Team,,,,Adult,,,,,,,,,,,,,,,,,,,,,,,,,,,,,,,Coleoptera,Staphylinidae,Oxyporus,,maxillosus,,,,,,,,,,,,,,,,,Czech Republic,,,,,19c,,,,,,,,,,,,,,,,,,,,,,,,,,,,,,,,,,,,,,,,,,,,,,,,,,,,,,,,,,,,,,,,,,,,,,,,,,,,,,,,,,,,,,,,
,,,,,BIG 4 Team,,,,Adult,,,,,,,,,,,,,,,,,,,,,,,,,,,,,,,Coleoptera,Staphylinidae,Gyrohypnus,,angustatus,,,,,,,,,,,,,,,,,Czech Republic,,,,,24a,,,,,,,,,,,,,,,,,,,,,,,,,,,,,,,,,,,,,,,,,,,,,,,,,,,,,,,,,,,,,,,,,,,,,,,,,,,,,,,,,,,,,,,,
,,,,,BIG 4 Team,,,,Adult,,,,,,,,,,,,,,,,,,,,,,,,,,,,,,,Coleoptera,Scarabaeidae,Protaetia,,marmorata,,,,,,,,,,,,,,,,,Czech Republic,,,,,Locality 4,,,,,,,,,,,,,,,,,,,,,,,,,,,,,,,,,,,,,,,,,,,,,,,,,,,,,,,,,,,,,,,,,,,,,,,,,,,,,,,,,,,,,,,,
,,,,,BIG 4 Team,,,,Adult,,,,,,,,,,,,,,,,,,,,,,,,,,,,,,,Coleoptera,Trogidae,Trox,,sp,,,,,,,,,,,,,,,,,Czech Republic,,,,,Locality 4,,,,,,,,,,,,,,,,,,,,,,,,,,,,,,,,,,,,,,,,,,,,,,,,,,,,,,,,,,,,,,,,,,,,,,,,,,,,,,,,,,,,,,,,
,,,,,BIG 4 Team,,,,Adult,,,,,,,,,,,,,,,,,,,,,,,,,,,,,,,Coleoptera,Elateridae,Ampedus,,balteatus,,,,,,,,,,,,,,,,,Czech Republic,,,,,Locality 1,,,,,,,,,,,,,,,,,,,,,,,,,,,,,,,,,,,,,,,,,,,,,,,,,,,,,,,,,,,,,,,,,,,,,,,,,,,,,,,,,,,,,,,,
,,,,,BIG 4 Team,,,,Adult,,,,,,,,,,,,,,,,,,,,,,,,,,,,,,,Coleoptera,Malachidae,Malachius,,bipustulatus,,,,,,,,,,,,,,,,,Czech Republic,,,,,Locality 1,,,,,,,,,,,,,,,,,,,,,,,,,,,,,,,,,,,,,,,,,,,,,,,,,,,,,,,,,,,,,,,,,,,,,,,,,,,,,,,,,,,,,,,,
,,,,,BIG 4 Team,,,,Adult,,,,,,,,,,,,,,,,,,,,,,,,,,,,,,,Coleoptera,Erotylidae,Triplax,,sp,,,,,,,,,,,,,,,,,Czech Republic,,,,,Locality 1,,,,,,,,,,,,,,,,,,,,,,,,,,,,,,,,,,,,,,,,,,,,,,,,,,,,,,,,,,,,,,,,,,,,,,,,,,,,,,,,,,,,,,,,
,,,,,BIG 4 Team,,,,Adult,,,,,,,,,,,,,,,,,,,,,,,,,,,,,,,Coleoptera,Throscidae,Throscus,,sp,,,,,,,,,,,,,,,,,Czech Republic,,,,,Locality 1,,,,,,,,,,,,,,,,,,,,,,,,,,,,,,,,,,,,,,,,,,,,,,,,,,,,,,,,,,,,,,,,,,,,,,,,,,,,,,,,,,,,,,,,
,,,,,BIG 4 Team,,,,Adult,,,,,,,,,,,,,,,,,,,,,,,,,,,,,,,Coleoptera,Hydrophilidae,Helochares,,obscurus,,,,,,,,,,,,,,,,,Czech Republic,,,,,Locality 1,,,,,,,,,,,,,,,,,,,,,,,,,,,,,,,,,,,,,,,,,,,,,,,,,,,,,,,,,,,,,,,,,,,,,,,,,,,,,,,,,,,,,,,,
,,,,,BIG 4 Team,,,,Adult,,,,,,,,,,,,,,,,,,,,,,,,,,,,,,,Coleoptera,Latridiidae,Latridius,,sp,,,,,,,,,,,,,,,,,Czech Republic,,,,,Locality 1,,,,,,,,,,,,,,,,,,,,,,,,,,,,,,,,,,,,,,,,,,,,,,,,,,,,,,,,,,,,,,,,,,,,,,,,,,,,,,,,,,,,,,,,
,,,,,BIG 4 Team,,,,Adult,,,,,,,,,,,,,,,,,,,,,,,,,,,,,,,Coleoptera,Sphindidae,Aspidiphorus,,orbiculatus,,,,,,,,,,,,,,,,,Czech Republic,,,,,Locality 1,,,,,,,,,,,,,,,,,,,,,,,,,,,,,,,,,,,,,,,,,,,,,,,,,,,,,,,,,,,,,,,,,,,,,,,,,,,,,,,,,,,,,,,,
,,,,,BIG 4 Team,,,,Adult,,,,,,,,,,,,,,,,,,,,,,,,,,,,,,,Coleoptera,Zopheridae,Synchita,,sp,,,,,,,,,,,,,,,,,Czech Republic,,,,,Locality 1,,,,,,,,,,,,,,,,,,,,,,,,,,,,,,,,,,,,,,,,,,,,,,,,,,,,,,,,,,,,,,,,,,,,,,,,,,,,,,,,,,,,,,,,
,,,,,BIG 4 Team,,,,Adult,,,,,,,,,,,,,,,,,,,,,,,,,,,,,,,Coleoptera,Tetratomidae,gen,,sp,,,,,,,,,,,,,,,,,Czech Republic,,,,,Locality 1,,,,,,,,,,,,,,,,,,,,,,,,,,,,,,,,,,,,,,,,,,,,,,,,,,,,,,,,,,,,,,,,,,,,,,,,,,,,,,,,,,,,,,,,
,,,,,BIG 4 Team,,,,Adult,,,,,,,,,,,,,,,,,,,,,,,,,,,,,,,Coleoptera,Omalisidae,Omalisus,,fontisbellaquaei,,,,,,,,,,,,,,,,,Czech Republic,,,,,Locality 1,,,,,,,,,,,,,,,,,,,,,,,,,,,,,,,,,,,,,,,,,,,,,,,,,,,,,,,,,,,,,,,,,,,,,,,,,,,,,,,,,,,,,,,,
,,,,,BIG 4 Team,,,,Adult,,,,,,,,,,,,,,,,,,,,,,,,,,,,,,,Coleoptera,Ptinidae,Ptinus,,2,,,,,,,,,,,,,,,,,Czech Republic,,,,,Locality 1,,,,,,,,,,,,,,,,,,,,,,,,,,,,,,,,,,,,,,,,,,,,,,,,,,,,,,,,,,,,,,,,,,,,,,,,,,,,,,,,,,,,,,,,
,,,,,BIG 4 Team,,,,Adult,,,,,,,,,,,,,,,,,,,,,,,,,,,,,,,Coleoptera,Hydraenidae,Limnebius,,sp,,,,,,,,,,,,,,,,,Czech Republic,,,,,Locality 1,,,,,,,,,,,,,,,,,,,,,,,,,,,,,,,,,,,,,,,,,,,,,,,,,,,,,,,,,,,,,,,,,,,,,,,,,,,,,,,,,,,,,,,,
,,,,,BIG 4 Team,,,,Adult,,,,,,,,,,,,,,,,,,,,,,,,,,,,,,,Coleoptera,Ptinidae,Oorcatoma,,sp,,,,,,,,,,,,,,,,,Czech Republic,,,,,Locality 1,,,,,,,,,,,,,,,,,,,,,,,,,,,,,,,,,,,,,,,,,,,,,,,,,,,,,,,,,,,,,,,,,,,,,,,,,,,,,,,,,,,,,,,,
,,,,,BIG 4 Team,,,,Adult,,,,,,,,,,,,,,,,,,,,,,,,,,,,,,,Coleoptera,Carabidae,Acupalpus,,sp,,,,,,,,,,,,,,,,,Czech Republic,,,,,Locality 1,,,,,,,,,,,,,,,,,,,,,,,,,,,,,,,,,,,,,,,,,,,,,,,,,,,,,,,,,,,,,,,,,,,,,,,,,,,,,,,,,,,,,,,,
,,,,,BIG 4 Team,,,,Adult,,,,,,,,,,,,,,,,,,,,,,,,,,,,,,,Coleoptera,Scraptiidae,gen,,sp,,,,,,,,,,,,,,,,,Czech Republic,,,,,Locality 1,,,,,,,,,,,,,,,,,,,,,,,,,,,,,,,,,,,,,,,,,,,,,,,,,,,,,,,,,,,,,,,,,,,,,,,,,,,,,,,,,,,,,,,,
,,,,,BIG 4 Team,,,,Adult,,,,,,,,,,,,,,,,,,,,,,,,,,,,,,,Coleoptera,Laemophloeidae,Cryptolestes,,sp,,,,,,,,,,,,,,,,,Czech Republic,,,,,Locality 1,,,,,,,,,,,,,,,,,,,,,,,,,,,,,,,,,,,,,,,,,,,,,,,,,,,,,,,,,,,,,,,,,,,,,,,,,,,,,,,,,,,,,,,,
,,,,,BIG 4 Team,,,,Adult,,,,,,,,,,,,,,,,,,,,,,,,,,,,,,,Coleoptera,Elateridae,Adrastus,,sp,,,,,,,,,,,,,,,,,Czech Republic,,,,,Locality 1,,,,,,,,,,,,,,,,,,,,,,,,,,,,,,,,,,,,,,,,,,,,,,,,,,,,,,,,,,,,,,,,,,,,,,,,,,,,,,,,,,,,,,,,
,,,,,BIG 4 Team,,,,Adult,,,,,,,,,,,,,,,,,,,,,,,,,,,,,,,Coleoptera,Elateridae,Dicronychus,,sp,,,,,,,,,,,,,,,,,Czech Republic,,,,,Locality 1,,,,,,,,,,,,,,,,,,,,,,,,,,,,,,,,,,,,,,,,,,,,,,,,,,,,,,,,,,,,,,,,,,,,,,,,,,,,,,,,,,,,,,,,
,,,,,BIG 4 Team,,,,Adult,,,,,,,,,,,,,,,,,,,,,,,,,,,,,,,Coleoptera,Curculionidae,Pityogenes,,sp,,,,,,,,,,,,,,,,,Czech Republic,,,,,Locality 1,,,,,,,,,,,,,,,,,,,,,,,,,,,,,,,,,,,,,,,,,,,,,,,,,,,,,,,,,,,,,,,,,,,,,,,,,,,,,,,,,,,,,,,,
,,,,,BIG 4 Team,,,,Adult,,,,,,,,,,,,,,,,,,,,,,,,,,,,,,,Coleoptera,Curculionidae,gen,,sp,,,,,,,,,,,,,,,,,Czech Republic,,,,,Locality 1,,,,,,,,,,,,,,,,,,,,,,,,,,,,,,,,,,,,,,,,,,,,,,,,,,,,,,,,,,,,,,,,,,,,,,,,,,,,,,,,,,,,,,,,
,,,,,BIG 4 Team,,,,Adult,,,,,,,,,,,,,,,,,,,,,,,,,,,,,,,Coleoptera,Curculionidae,gen,,sp,,,,,,,,,,,,,,,,,Czech Republic,,,,,Locality 1,,,,,,,,,,,,,,,,,,,,,,,,,,,,,,,,,,,,,,,,,,,,,,,,,,,,,,,,,,,,,,,,,,,,,,,,,,,,,,,,,,,,,,,,
,,,,,BIG 4 Team,,,,Adult,,,,,,,,,,,,,,,,,,,,,,,,,,,,,,,Coleoptera,Chrysomelidae,Psylliodes,,sp,,,,,,,,,,,,,,,,,Czech Republic,,,,,Locality 2,,,,,,,,,,,,,,,,,,,,,,,,,,,,,,,,,,,,,,,,,,,,,,,,,,,,,,,,,,,,,,,,,,,,,,,,,,,,,,,,,,,,,,,,
,,,,,BIG 4 Team,,,,Adult,,,,,,,,,,,,,,,,,,,,,,,,,,,,,,,Coleoptera,Chrysomelidae,Chaetocnema,,sp,,,,,,,,,,,,,,,,,Czech Republic,,,,,Locality 2,,,,,,,,,,,,,,,,,,,,,,,,,,,,,,,,,,,,,,,,,,,,,,,,,,,,,,,,,,,,,,,,,,,,,,,,,,,,,,,,,,,,,,,,
,,,,,BIG 4 Team,,,,Adult,,,,,,,,,,,,,,,,,,,,,,,,,,,,,,,Coleoptera,Carabidae,Carabus,,auratus,,,,,,,,,,,,,,,,,Czech Republic,,,,,,,,,,,,,,,,,,,,,,,,,,,,,,,,,,,,,,,,,,,,,,,,,,,,,,,,,,,,,,,,,,,,,,,,,,,,,,,,,,,,,,,,,,,,,
,,,,,BIG 4 Team,,,,Adult,,,,,,,,,,,,,,,,,,,,,,,,,,,,,,,Coleoptera,Tenebrionidae,Crypticus,,quisquilius,,,,,,,,,,,,,,,,,Czech Republic,,,,,,,,,,,,,,,,,,,,,,,,,,,,,,,,,,,,,,,,,,,,,,,,,,,,,,,,,,,,,,,,,,,,,,,,,,,,,,,,,,,,,,,,,,,,,
,,,,,BIG 4 Team,,,,Adult,,,,,,,,,,,,,,,,,,,,,,,,,,,,,,,Coleoptera,Staphylinidae,Gyrohypnus,,angustatus,,,,,,,,,,,,,,,,,Czech Republic,,,,,24a,,,,,,,,,,,,,,,,,,,,,,,,,,,,,,,,,,,,,,,,,,,,,,,,,,,,,,,,,,,,,,,,,,,,,,,,,,,,,,,,,,,,,,,,
,,,,,BIG 4 Team,,,,Adult,,,,,,,,,,,,,,,,,,,,,,,,,,,,,,,Coleoptera,Staphylinidae,Xantholinus,,sp,,,,,,,,,,,,,,,,,Czech Republic,,,,,24a,,,,,,,,,,,,,,,,,,,,,,,,,,,,,,,,,,,,,,,,,,,,,,,,,,,,,,,,,,,,,,,,,,,,,,,,,,,,,,,,,,,,,,,,
,,,,,BIG 4 Team,,,,Adult,,,,,,,,,,,,,,,,,,,,,,,,,,,,,,,Coleoptera,Staphylinidae,Bryoporus,,sp,,,,,,,,,,,,,,,,,Czech Republic,,,,,FIT 1,,,,,,,,,,,,,,,,,,,,,,,,,,,,,,,,,,,,,,,,,,,,,,,,,,,,,,,,,,,,,,,,,,,,,,,,,,,,,,,,,,,,,,,,
,,,,,BIG 4 Team,,,,Adult,,,,,,,,,,,,,,,,,,,,,,,,,,,,,,,Coleoptera,Scarabaeidae,Onthophagus,,cf joannae,,,,,,,,,,,,,,,,,Czech Republic,,,,,FIT 1,,,,,,,,,,,,,,,,,,,,,,,,,,,,,,,,,,,,,,,,,,,,,,,,,,,,,,,,,,,,,,,,,,,,,,,,,,,,,,,,,,,,,,,,
,,,,,BIG 4 Team,,,,Adult,,,,,,,,,,,,,,,,,,,,,,,,,,,,,,,Coleoptera,Staphylinidae,Quedius,,brevis,,,,,,,,,,,,,,,,,Czech Republic,,,,,FIT 1,,,,,,,,,,,,,,,,,,,,,,,,,,,,,,,,,,,,,,,,,,,,,,,,,,,,,,,,,,,,,,,,,,,,,,,,,,,,,,,,,,,,,,,,
,,,,,BIG 4 Team,,,,Adult,,,,,,,,,,,,,,,,,,,,,,,,,,,,,,,Coleoptera,Leiodidae,Agathidium,,humeralis,,,,,,,,,,,,,,,,,Czech Republic,,,,,FIT 1,,,,,,,,,,,,,,,,,,,,,,,,,,,,,,,,,,,,,,,,,,,,,,,,,,,,,,,,,,,,,,,,,,,,,,,,,,,,,,,,,,,,,,,,
,,,,,BIG 4 Team,,,,Adult,,,,,,,,,,,,,,,,,,,,,,,,,,,,,,,Coleoptera,Staphylinidae,Xantholinus,,2,,,,,,,,,,,,,,,,,Czech Republic,,,,,22a,,,,,,,,,,,,,,,,,,,,,,,,,,,,,,,,,,,,,,,,,,,,,,,,,,,,,,,,,,,,,,,,,,,,,,,,,,,,,,,,,,,,,,,,
,,,,,BIG 4 Team,,,,Adult,,,,,,,,,,,,,,,,,,,,,,,,,,,,,,,Coleoptera,Silphidae,Nicrophous,,humator,,,,,,,,,,,,,,,,,Czech Republic,,,,,Locality 3,,,,,,,,,,,,,,,,,,,,,,,,,,,,,,,,,,,,,,,,,,,,,,,,,,,,,,,,,,,,,,,,,,,,,,,,,,,,,,,,,,,,,,,,
,,,,,BIG 4 Team,,,,Adult,,,,,,,,,,,,,,,,,,,,,,,,,,,,,,,Coleoptera,Staphylinidae,Xantholinus,,3,,,,,,,,,,,,,,,,,Czech Republic,,,,,23a,,,,,,,,,,,,,,,,,,,,,,,,,,,,,,,,,,,,,,,,,,,,,,,,,,,,,,,,,,,,,,,,,,,,,,,,,,,,,,,,,,,,,,,,
,,,,,BIG 4 Team,,,,Adult,,,,,,,,,,,,,,,,,,,,,,,,,,,,,,,Coleoptera,Staphylinidae,Quedius,,mesomelinus,,,,,,,,,,,,,,,,,Czech Republic,,,,,FIT 2,,,,,,,,,,,,,,,,,,,,,,,,,,,,,,,,,,,,,,,,,,,,,,,,,,,,,,,,,,,,,,,,,,,,,,,,,,,,,,,,,,,,,,,,
,,,,,BIG 4 Team,,,,Adult,,,,,,,,,,,,,,,,,,,,,,,,,,,,,,,Coleoptera,Staphylinidae,Anotylus,,sculpturatus,,,,,,,,,,,,,,,,,Czech Republic,,,,,FIT 2,,,,,,,,,,,,,,,,,,,,,,,,,,,,,,,,,,,,,,,,,,,,,,,,,,,,,,,,,,,,,,,,,,,,,,,,,,,,,,,,,,,,,,,,
,,,,,BIG 4 Team,,,,Adult,,,,,,,,,,,,,,,,,,,,,,,,,,,,,,,Coleoptera,Staphylinidae,Quedius,,obscuripennis,,,,,,,,,,,,,,,,,Czech Republic,,,,,21a,,,,,,,,,,,,,,,,,,,,,,,,,,,,,,,,,,,,,,,,,,,,,,,,,,,,,,,,,,,,,,,,,,,,,,,,,,,,,,,,,,,,,,,,
,,,,,BIG 4 Team,,,,Adult,,,,,,,,,,,,,,,,,,,,,,,,,,,,,,,Coleoptera,Staphylinidae,Quedius,,limbatus,,,,,,,,,,,,,,,,,Czech Republic,,,,,22a,,,,,,,,,,,,,,,,,,,,,,,,,,,,,,,,,,,,,,,,,,,,,,,,,,,,,,,,,,,,,,,,,,,,,,,,,,,,,,,,,,,,,,,,
,,,,,BIG 4 Team,,,,Adult,,,,,,,,,,,,,,,,,,,,,,,,,,,,,,,Coleoptera,Staphylinidae,Medon ,,sp,,,,,,,,,,,,,,,,,Czech Republic,,,,,22a,,,,,,,,,,,,,,,,,,,,,,,,,,,,,,,,,,,,,,,,,,,,,,,,,,,,,,,,,,,,,,,,,,,,,,,,,,,,,,,,,,,,,,,,
,,,,,BIG 4 Team,,,,Adult,,,,,,,,,,,,,,,,,,,,,,,,,,,,,,,Coleoptera,Tenebrionidae,Alphitophagus,,bifasciatus,,,,,,,,,,,,,,,,,Czech Republic,,,,,24a,,,,,,,,,,,,,,,,,,,,,,,,,,,,,,,,,,,,,,,,,,,,,,,,,,,,,,,,,,,,,,,,,,,,,,,,,,,,,,,,,,,,,,,,
,,,,,BIG 4 Team,,,,Adult,,,,,,,,,,,,,,,,,,,,,,,,,,,,,,,Coleoptera,Corylophidae,Sericoderus,,lateralis,,,,,,,,,,,,,,,,,Czech Republic,,,,,24a,,,,,,,,,,,,,,,,,,,,,,,,,,,,,,,,,,,,,,,,,,,,,,,,,,,,,,,,,,,,,,,,,,,,,,,,,,,,,,,,,,,,,,,,
,,,,,BIG 4 Team,,,,Adult,,,,,,,,,,,,,,,,,,,,,,,,,,,,,,,Coleoptera,Cryptophagidae,Atomaria,,sp,,,,,,,,,,,,,,,,,Czech Republic,,,,,24a,,,,,,,,,,,,,,,,,,,,,,,,,,,,,,,,,,,,,,,,,,,,,,,,,,,,,,,,,,,,,,,,,,,,,,,,,,,,,,,,,,,,,,,,
,,,,,BIG 4 Team,,,,Adult,,,,,,,,,,,,,,,,,,,,,,,,,,,,,,,Coleoptera,Chrysomelidae,Neocrepidodera,,sp,,,,,,,,,,,,,,,,,Czech Republic,,,,,24a,,,,,,,,,,,,,,,,,,,,,,,,,,,,,,,,,,,,,,,,,,,,,,,,,,,,,,,,,,,,,,,,,,,,,,,,,,,,,,,,,,,,,,,,
,,,,,BIG 4 Team,,,,Adult,,,,,,,,,,,,,,,,,,,,,,,,,,,,,,,Coleoptera,Hydrophilidae,Cercyon,,analis,,,,,,,,,,,,,,,,,Czech Republic,,,,,24a,,,,,,,,,,,,,,,,,,,,,,,,,,,,,,,,,,,,,,,,,,,,,,,,,,,,,,,,,,,,,,,,,,,,,,,,,,,,,,,,,,,,,,,,
,,,,,BIG 4 Team,,,,Adult,,,,,,,,,,,,,,,,,,,,,,,,,,,,,,,Coleoptera,Hydrophilidae,Cercyon,,terminatus,,,,,,,,,,,,,,,,,Czech Republic,,,,,24a,,,,,,,,,,,,,,,,,,,,,,,,,,,,,,,,,,,,,,,,,,,,,,,,,,,,,,,,,,,,,,,,,,,,,,,,,,,,,,,,,,,,,,,,
,,,,,BIG 4 Team,,,,Adult,,,,,,,,,,,,,,,,,,,,,,,,,,,,,,,Coleoptera,Staphylinidae,Drusilla ,,canaliculata,,,,,,,,,,,,,,,,,Czech Republic,,,,,22a,,,,,,,,,,,,,,,,,,,,,,,,,,,,,,,,,,,,,,,,,,,,,,,,,,,,,,,,,,,,,,,,,,,,,,,,,,,,,,,,,,,,,,,,
,,,,,BIG 4 Team,,,,Adult,,,,,,,,,,,,,,,,,,,,,,,,,,,,,,,Coleoptera,Staphylinidae,Xantholinus,,4,,,,,,,,,,,,,,,,,Czech Republic,,,,,22a,,,,,,,,,,,,,,,,,,,,,,,,,,,,,,,,,,,,,,,,,,,,,,,,,,,,,,,,,,,,,,,,,,,,,,,,,,,,,,,,,,,,,,,,
,,,,,BIG 4 Team,,,,Adult,,,,,,,,,,,,,,,,,,,,,,,,,,,,,,,Coleoptera,Hydrophilidae,Megasternum,,conciuum,,,,,,,,,,,,,,,,,Czech Republic,,,,,24a,,,,,,,,,,,,,,,,,,,,,,,,,,,,,,,,,,,,,,,,,,,,,,,,,,,,,,,,,,,,,,,,,,,,,,,,,,,,,,,,,,,,,,,,
,,,,,BIG 4 Team,,,,Adult,,,,,,,,,,,,,,,,,,,,,,,,,,,,,,,Coleoptera,Hydrophilidae,Cryptopleurum,,subtile,,,,,,,,,,,,,,,,,Czech Republic,,,,,24a,,,,,,,,,,,,,,,,,,,,,,,,,,,,,,,,,,,,,,,,,,,,,,,,,,,,,,,,,,,,,,,,,,,,,,,,,,,,,,,,,,,,,,,,
,,,,,BIG 4 Team,,,,Adult,,,,,,,,,,,,,,,,,,,,,,,,,,,,,,,Coleoptera,Monotomidae,Monotoma,,sp,,,,,,,,,,,,,,,,,Czech Republic,,,,,24a,,,,,,,,,,,,,,,,,,,,,,,,,,,,,,,,,,,,,,,,,,,,,,,,,,,,,,,,,,,,,,,,,,,,,,,,,,,,,,,,,,,,,,,,
,,,,,BIG 4 Team,,,,Adult,,,,,,,,,,,,,,,,,,,,,,,,,,,,,,,Coleoptera,Latridiidae,Latridium,,sp,,,,,,,,,,,,,,,,,Czech Republic,,,,,24a,,,,,,,,,,,,,,,,,,,,,,,,,,,,,,,,,,,,,,,,,,,,,,,,,,,,,,,,,,,,,,,,,,,,,,,,,,,,,,,,,,,,,,,,
,,,,,BIG 4 Team,,,,Adult,,,,,,,,,,,,,,,,,,,,,,,,,,,,,,,Coleoptera,Cryptophagidae,Atomaria,,2,,,,,,,,,,,,,,,,,Czech Republic,,,,,24a,,,,,,,,,,,,,,,,,,,,,,,,,,,,,,,,,,,,,,,,,,,,,,,,,,,,,,,,,,,,,,,,,,,,,,,,,,,,,,,,,,,,,,,,
,,,,,BIG 4 Team,,,,Adult,,,,,,,,,,,,,,,,,,,,,,,,,,,,,,,Coleoptera,Latridiidae,Corticaria,,sp,,,,,,,,,,,,,,,,,Czech Republic,,,,,24a,,,,,,,,,,,,,,,,,,,,,,,,,,,,,,,,,,,,,,,,,,,,,,,,,,,,,,,,,,,,,,,,,,,,,,,,,,,,,,,,,,,,,,,,
,,,,,BIG 4 Team,,,,Adult,,,,,,,,,,,,,,,,,,,,,,,,,,,,,,,Coleoptera,Cryptophagidae,Cryptophagus,,affinis,,,,,,,,,,,,,,,,,Czech Republic,,,,,24a,,,,,,,,,,,,,,,,,,,,,,,,,,,,,,,,,,,,,,,,,,,,,,,,,,,,,,,,,,,,,,,,,,,,,,,,,,,,,,,,,,,,,,,,
,,,,,BIG 4 Team,,,,Adult,,,,,,,,,,,,,,,,,,,,,,,,,,,,,,,Coleoptera,Latridiidae,Latridium,,2,,,,,,,,,,,,,,,,,Czech Republic,,,,,24a,,,,,,,,,,,,,,,,,,,,,,,,,,,,,,,,,,,,,,,,,,,,,,,,,,,,,,,,,,,,,,,,,,,,,,,,,,,,,,,,,,,,,,,,
,,,,,BIG 4 Team,,,,Adult,,,,,,,,,,,,,,,,,,,,,,,,,,,,,,,Coleoptera,Cryptophagidae,Atomaria,,3,,,,,,,,,,,,,,,,,Czech Republic,,,,,24a,,,,,,,,,,,,,,,,,,,,,,,,,,,,,,,,,,,,,,,,,,,,,,,,,,,,,,,,,,,,,,,,,,,,,,,,,,,,,,,,,,,,,,,,
,,,,,BIG 4 Team,,,,Adult,,,,,,,,,,,,,,,,,,,,,,,,,,,,,,,Coleoptera,Staphylinidae,Paederus,,,,genus,,,,,,,,,,,,,,,,,,,,19 carrion,,,,,,,,,,,,,,,,,,,,,,,,,,,,,,,,,,,,,,,,,,,,,,,,,,,,,,,,,,,,,,,,,,,,,,,,,,,,,,,,,,,,,,,,
,,,,,BIG 4 Team,,,,Adult,,,,,,,,,,,,,,,,,,,,,,,,,,,,,,,Coleoptera,Silphidae,Necrophorus,,humator,,species,,,,,,,,,,,,,,,,,,,,19 carrion,,,,,,,,,,,,,,,,,,,,,,,,,,,,,,,,,,,,,,,,,,,,,,,,,,,,,,,,,,,,,,,,,,,,,,,,,,,,,,,,,,,,,,,,
,,,,,BIG 4 Team,,,,,,,,,,,,,,,,,,,,,,,,,,,,,,,,,,,,,Necrophorus,,vespiloides,,species,,,,,,,,,,,,,,,,,,,,19 carrion,,,,,,,,,,,,,,,,,,,,,,,,,,,,,,,,,,,,,,,,,,,,,,,,,,,,,,,,,,,,,,,,,,,,,,,,,,,,,,,,,,,,,,,,
,,,,,BIG 4 Team,,,,,,,,,,,,,,,,,,,,,,,,,,,,,,,,,,,,,Oeceoptoma,,thoracica,,species,,,,,,,,,,,,,,,,,,,,19 carrion,,,,,,,,,,,,,,,,,,,,,,,,,,,,,,,,,,,,,,,,,,,,,,,,,,,,,,,,,,,,,,,,,,,,,,,,,,,,,,,,,,,,,,,,
